[
  {
    "n": 6,
    "seed": 0,
    "conf_budget": 100000,
    "instance_hash": "5769808791ddb964085469fe3e253aabacbe04fb38ac7a30c3aa355203a5d067",
    "blind_results": {
      "status": "unsat",
      "conflicts": 13,
      "props": 62,
      "decisions": 12,
      "config": {
        "solver": "Cadical153",
        "conf_budget": 100000,
        "prop_budget": null,
        "rnd_seed": 123456789,
        "rnd_init_act": null,
        "var_decay": null,
        "phase_saving": null
      }
    },
    "sighted_results": {
      "result": "unsat",
      "rank_A": 5,
      "rank_aug": 6,
      "rank_gap": 1
    },
    "timings": {
      "gen_s": 0.001,
      "blind_s": 0.0006
    },
    "mu_sighted": 9.0,
    "mu_blind": 13,
    "partition_level": 6
  },
  {
    "n": 6,
    "seed": 1,
    "conf_budget": 100000,
    "instance_hash": "bae51b129157a6cfde00c0389475ea7c9f189a702159def472f31279b2c0f1d4",
    "blind_results": {
      "status": "unsat",
      "conflicts": 16,
      "props": 74,
      "decisions": 15,
      "config": {
        "solver": "Cadical153",
        "conf_budget": 100000,
        "prop_budget": null,
        "rnd_seed": 123456789,
        "rnd_init_act": null,
        "var_decay": null,
        "phase_saving": null
      }
    },
    "sighted_results": {
      "result": "unsat",
      "rank_A": 5,
      "rank_aug": 6,
      "rank_gap": 1
    },
    "timings": {
      "gen_s": 0.0008,
      "blind_s": 0.0005
    },
    "mu_sighted": 9.0,
    "mu_blind": 16,
    "partition_level": 6
  },
  {
    "n": 8,
    "seed": 0,
    "conf_budget": 100000,
    "instance_hash": "d73bf6a0d5eff7933fd65b0648a433df457c6686ea2f9f1377ba6d426cfec5c4",
    "blind_results": {
      "status": "unsat",
      "conflicts": 27,
      "props": 159,
      "decisions": 26,
      "config": {
        "solver": "Cadical153",
        "conf_budget": 100000,
        "prop_budget": null,
        "rnd_seed": 123456789,
        "rnd_init_act": null,
        "var_decay": null,
        "phase_saving": null
      }
    },
    "sighted_results": {
      "result": "unsat",
      "rank_A": 7,
      "rank_aug": 8,
      "rank_gap": 1
    },
    "timings": {
      "gen_s": 0.0012,
      "blind_s": 0.0012
    },
    "mu_sighted": 12.0,
    "mu_blind": 27,
    "partition_level": 8
  },
  {
    "n": 8,
    "seed": 1,
    "conf_budget": 100000,
    "instance_hash": "072914cb0699090a23e1f473691984537bc438837ffddec11ee4b9290684cee4",
    "blind_results": {
      "status": "unsat",
      "conflicts": 20,
      "props": 114,
      "decisions": 30,
      "config": {
        "solver": "Cadical153",
        "conf_budget": 100000,
        "prop_budget": null,
        "rnd_seed": 123456789,
        "rnd_init_act": null,
        "var_decay": null,
        "phase_saving": null
      }
    },
    "sighted_results": {
      "result": "unsat",
      "rank_A": 7,
      "rank_aug": 8,
      "rank_gap": 1
    },
    "timings": {
      "gen_s": 0.0015,
      "blind_s": 0.0004
    },
    "mu_sighted": 12.0,
    "mu_blind": 20,
    "partition_level": 8
  },
  {
    "n": 10,
    "seed": 0,
    "conf_budget": 100000,
    "instance_hash": "565e392055381f89846e8bca49f3b9cabdcf0f5df34217217407189e882c0f2e",
    "blind_results": {
      "status": "unsat",
      "conflicts": 56,
      "props": 389,
      "decisions": 55,
      "config": {
        "solver": "Cadical153",
        "conf_budget": 100000,
        "prop_budget": null,
        "rnd_seed": 123456789,
        "rnd_init_act": null,
        "var_decay": null,
        "phase_saving": null
      }
    },
    "sighted_results": {
      "result": "unsat",
      "rank_A": 9,
      "rank_aug": 10,
      "rank_gap": 1
    },
    "timings": {
      "gen_s": 0.0007,
      "blind_s": 0.0007
    },
    "mu_sighted": 15.0,
    "mu_blind": 56,
    "partition_level": 10
  },
  {
    "n": 10,
    "seed": 1,
    "conf_budget": 100000,
    "instance_hash": "d9b4916494ec0aa9bffc8adfcc63516f5b100623cda0ca36bcb6ef34751dd636",
    "blind_results": {
      "status": "unsat",
      "conflicts": 43,
      "props": 322,
      "decisions": 42,
      "config": {
        "solver": "Cadical153",
        "conf_budget": 100000,
        "prop_budget": null,
        "rnd_seed": 123456789,
        "rnd_init_act": null,
        "var_decay": null,
        "phase_saving": null
      }
    },
    "sighted_results": {
      "result": "unsat",
      "rank_A": 9,
      "rank_aug": 10,
      "rank_gap": 1
    },
    "timings": {
      "gen_s": 0.0026,
      "blind_s": 0.0005
    },
    "mu_sighted": 15.0,
    "mu_blind": 43,
    "partition_level": 10
  }
]