[
  {
    "n": 10,
    "seed": 0,
    "conf_budget": 100000,
    "instance_hash": "565e392055381f89846e8bca49f3b9cabdcf0f5df34217217407189e882c0f2e",
    "blind_results": {
      "status": "unsat",
      "conflicts": 56,
      "props": 389,
      "decisions": 55,
      "config": {
        "solver": "Cadical153",
        "conf_budget": 100000,
        "prop_budget": null,
        "rnd_seed": 123456789,
        "rnd_init_act": null,
        "var_decay": null,
        "phase_saving": null
      }
    },
    "sighted_results": {
      "result": "unsat",
      "rank_A": 9,
      "rank_aug": 10,
      "rank_gap": 1
    },
    "timings": {
      "gen_s": 0.0047,
      "blind_s": 0.111
    },
    "mu_sighted": 15.0,
    "mu_blind": 56,
    "partition_level": 10
  }
]