{
  "problem": "tseitin",
  "timestamp": 1761344349,
  "scaling_analysis": {
    "partitions": [
      6,
      8,
      10
    ],
    "mu_blind_avg": [
      14.5,
      23.5,
      49.5
    ],
    "mu_sighted_avg": [
      201.0,
      204.0,
      215.0
    ],
    "exp_slope": 0.30695600503702897,
    "exp_intercept": 0.7887258730875306,
    "exp_r2": 0.9850355656855331,
    "poly_slope": 3.4999999999999982,
    "poly_intercept": 178.66666666666669,
    "poly_r2": 0.901840490797546,
    "exp_slope_ci": [
      0.0,
      0.3724861242122658
    ],
    "poly_slope_ci": [
      0.0,
      5.500000000000001
    ],
    "ratio_slope": 0.03952331366423695,
    "ratio": [
      0.07213930348258707,
      0.11519607843137254,
      0.2302325581395349
    ]
  }
}