candidate	system	predicted	measured	formal_scope
finalized_block	PoS projection	YES	YES	all three fragments mirror finalized
proposer_work	PoS projection	NO	NO	counterexample state has work without finalized
committed_state	gas projection	YES	YES	all three fragments mirror committed
scratch_work	gas projection	NO	NO	counterexample state has scratch without commit
attestation_issued	TEE projection	YES	YES	all three fragments mirror attested
measurement_noise	TEE projection	NO	NO	counterexample state has noise without attestation
certificate_included	CT projection	YES	YES	all three fragments mirror logged
ct_prover_effort	CT projection	NO	NO	counterexample state has effort without inclusion
certificate_checked	PCC projection	YES	YES	all three fragments mirror checked
pcc_prover_effort	PCC projection	NO	NO	counterexample state has effort without check
mac_authenticity	MAC projection	NO	NO	outsider fragment cannot decide authenticity
signature_authenticity	digital-signature projection	YES	YES	all three fragments mirror authenticity
