path	sha256	role
.github/CONTRIBUTING.md	73b593500c7761ea87615a7fbb5615b9ed6e3947b8eb2d2a7f5258c07b72204c	claim_document
CITATION.cff	0f858292e38ce9d9814f3839beb8aa213bde28d329f2ffd6e6dacf2b18368dfa	claim_document
PATENT_PLEDGE.md	048bf0d2385b9f424ef1fcb7484fd0a2d26c069c14eb3cae9f503f5bead5d2a1	claim_document
README.md	b8e53dc481cf023d8c51ada3ee07b329101d58aeb5b2ca2ef73342f876f4590d	claim_document
TECHNICAL_DISCLOSURE.md	94439ceb37d2faa4817dba2bd5065ff838d6e9f01bbc2bfc4e8e885e4c9b0f15	claim_document
THIELE_MACHINE.txt	3415329309e15acba7a3e178e3eb9c64e148d2b64ea02c22e80ac15c7a0e0621	claim_document
coq/README.md	f16818e9e2cb749d642a50e7578af309c2c9ccb827f279801c7589f790560c0f	claim_document
coq/kami_hw/README.md	dac2e47beec4eddf50f5c8ee294a583cb86b34a75c05b83fe8c76af5ce78ce30	claim_document
coq/kernel/README.md	1cae49a763c75dd5dda8429579d63ae2af84f4adf529402a9c476776e6df0ca7	claim_document
coq/kernel/aggregators/README.md	13ed39fc449af6a14735e73ff51ac190afb59a26d33e9191226dd56570ca170c	claim_document
coq/kernel/category/README.md	31a42ca1e07f7715001087120b8b26ef9af3b9d0e1c9c96dd18e6ab5d5f7d29a	claim_document
coq/kernel/curvature/README.md	7b35419c63d68ea14e84e92ad2fa83e8a3c62aa871a37452c103fa3dc322973f	claim_document
coq/kernel/foundation/README.md	5175ac57290e197ff9a31cf1ccd6e760aa684402da5b1a5880c2d981a73ac39b	claim_document
coq/kernel/frontier/README.md	d46bec5fafc221af819911628257c28283fae1c12e80ec6284a092dc72175ed4	claim_document
coq/kernel/hardware_bridge/README.md	c5dabdc317877bfae355cd9a9644259850b4b1356f5058a7a58d9d6a1deb8774	claim_document
coq/kernel/misc/README.md	e64212b9b28c91f4db22d3b69f902ea422557a7322d5240223c3fee30196feea	claim_document
coq/kernel/mu_calculus/README.md	436d7928f23f0ef3743799e7492bda1b00a238f448f4672abd537cc509a6a086	claim_document
coq/kernel/nfi/README.md	485e4af3cf7c2bd703b57ec60f98855e48f2342a7819598f95c04e5e847c95e7	claim_document
coq/kernel/quantum/README.md	88ddb523abcc421e51ecac1d0e635996a9ad198b687c8ccf639ccfe39c3be0fe	claim_document
coq/kernel/thermodynamic/README.md	c8fe25bb763534b7c646e3202d9bf8f832531da3dc50b1baec9fff0e73c8709c	claim_document
coq/kernel/witness/README.md	f0a254d6659a46883d0bd95303db92f7f0ee5ddd21008ec2c84a3c075f3378b9	claim_document
coq/nofi/README.md	e029729827e7022423e57ce60f536676f4a05bb320abd12ec435dfd1b512390b	claim_document
coq/physics/README.md	aed54259369a2512f7c08fdcff271465bd6061d15c0d76c64c832df37073022b	claim_document
coq/self_reference/README.md	0fa5b548ff498412cd419217b5b6dbbbd9b610238962a8e40d86ae0ebf84d11b	claim_document
coq/spacetime/README.md	3400f5e2710c694050e32f7980e66676b30518b1f514353fcc83266f001b743f	claim_document
coq/tests/README.md	abc9edfe62be378284b197ab53535c5a6989dba95abc8c6a50066fa211e9a728	claim_document
coq/thermodynamic/README.md	0d2deccc33b10aedf4da4edaab681f49b4be7a192e08c0876f6045a395fda021	claim_document
coq/thiele_manifold/README.md	7b5ea8fd8d25d36cec2fa15e503ae5bb160e14ee49b6077b0a0f6298915a9a81	claim_document
coq/thielemachine/README.md	69ff5aebeb9f8e343f5856f12f780bc3653bc6b82fe56d6e6d62ea5bcb702cc6	claim_document
docs/ARTIFACTS.md	b95a9c29067297c4de90aa3dbc9f8300839dac27cccb2ad18a81156e60530efd	claim_document
docs/ASSURANCE.md	141a4cfe0a4d947358193fbbc4df3934a51eb48ac981d72a6b778aeb9b96db7f	claim_document
docs/REPRODUCTION.md	8e25150aceb6a6ea16ae53803cfef896c13406a450042f1f08dcf9e215bc8073	claim_document
docs/VM_CONTRACTS.md	787ca2515160c86c14d08a177db6f2ee4b629291764640d0120c9d4cc337d938	claim_document
examples/README.md	2d20c81c66b54814fc289c11121619815bdaceddd2c45640eca3541e90c61c91	claim_document
examples/mu_mdl_learner/README.md	f647621a6da81603555e8d42c34f78fd94efdd2e49119085f91ada9c0827881d	claim_document
monograph/monograph.tex	400017cec6ea063b346e470e7fe6e48cc01a9c10a3ed8e6501b081b2e1cbe039	claim_document
monograph/thiele_machine_math_spec.tex	143889c1172fa668943005e35d2e2b97aa3451e5ac13377a813e3f5f78cfa659	claim_document
research/rounds/2026-09-30-part1-event-swap.md	e6e168ae90a90549b7491e97506168f38d39e51e50e28889c2590d0a2cf529a9	claim_document
research/rounds/inputs/2026-09-30-v3.4.0-release-notes.md	587ff9131c86d128d2eb3349c866894c382590964017495a516086bea1ac4182	external_release_input
