document	line	original	replacement	reason
monograph/monograph.tex	4415	If running \texttt{Print Assumptions} (Section~\ref{sec:vocab}: the Coq command that reports global proof dependencies) on any named theorem in the kernel tier shows a project-local \texttt{Axiom} or \texttt{Parameter} in the dependency tree, the audit has degraded. The current full-corpus probe covers 13,311 named theorems across 449 files: 5,958 close under the global Coq context outright, and 7,353 use only Coq standard-library assumptions. The receipt names five such constants: dependent functional extensionality, \texttt{Eqdep.Eq\_rect\_eq.eq\_rect\_eq}, \texttt{ClassicalDedekindReals.sig\_not\_dec}, \texttt{ClassicalDedekindReals.sig\_forall\_dec}, and \texttt{Classical\_Prop.classic}. Zero project-local axioms appear in any of the 13,311 dependency trees. This audits where global dependencies come from. It doesn't prove that a theorem's own Section-generalized premises hold for the instance you care about; those premises stay visible in the theorem types and get checked separately. Any project-local axiom or parameter appearing in a global dependency tree is a bug.	If running \texttt{Print Assumptions} (Section~\ref{sec:vocab}: the Coq command that reports global proof dependencies) on any named theorem in the kernel tier shows a project-local \texttt{Axiom} or \texttt{Parameter} in the dependency tree, the audit has degraded. The current full-corpus probe covers 13,353 named theorems across 461 files: 5,999 close under the global Coq context outright, and 7,354 use only Coq standard-library assumptions. The receipt names five such constants: dependent functional extensionality, \texttt{Eqdep.Eq\_rect\_eq.eq\_rect\_eq}, \texttt{ClassicalDedekindReals.sig\_not\_dec}, \texttt{ClassicalDedekindReals.sig\_forall\_dec}, and \texttt{Classical\_Prop.classic}. Zero project-local axioms appear in any of the 13,353 dependency trees. This audits where global dependencies come from. It doesn't prove that a theorem's own Section-generalized premises hold for the instance you care about; those premises stay visible in the theorem types and get checked separately. Any project-local axiom or parameter appearing in a global dependency tree is a bug.	synchronize published totals with the current assumption receipt
THIELE_MACHINE.txt	246	v3.3.0 draws these lines in the documentation and adds kernel theorems of its own: the permanent-certificate results, shadow pricing, the entropy forms, and the finite VM instance. The earlier kernel theorems are unchanged. The one-file development, ThieleMachineComplete.v, had fallen behind the kernel's VM; its copy now has the same 51 instructions and the same definitions, and a test checks that. Its assumption receipt covered 12,934 statements: 5,598 closed under the global context and 7,336 depending on standard-library assumptions. It reported no project-local axioms. The receipt committed with this tree covers 13,311 statements across 449 files: 5,958 closed and 7,353 depending on standard-library assumptions, still with no project-local axioms. A theorem's own hypotheses still matter, even when it's closed under the global context.	v3.3.0 draws these lines in the documentation and adds kernel theorems of its own: the permanent-certificate results, shadow pricing, the entropy forms, and the finite VM instance. The earlier kernel theorems are unchanged. The one-file development, ThieleMachineComplete.v, had fallen behind the kernel's VM; its copy now has the same 51 instructions and the same definitions, and a test checks that. Its assumption receipt covered 12,934 statements: 5,598 closed under the global context and 7,336 depending on standard-library assumptions. It reported no project-local axioms. The receipt committed with this tree covers 13,353 statements across 461 files: 5,999 closed and 7,354 depending on standard-library assumptions, still with no project-local axioms. A theorem's own hypotheses still matter, even when it's closed under the global context.	synchronize published totals with the current assumption receipt
CITATION.cff	62	  and the mathematical specification. The assumption receipt covers 13,177	  and the mathematical specification. The assumption receipt covers 13,353	synchronize published totals with the current assumption receipt
CITATION.cff	63	  statements across 447 files: 5,824 are closed under the global context, 7,353 depend on	  statements across 461 files: 5,999 are closed under the global context, 7,354 depend on	synchronize published totals with the current assumption receipt
research/rounds/inputs/2026-09-30-v3.4.0-release-notes.md	3	This release carries out my research plan: the audit of every cited theorem, the structural question, the narrowing question, readings of five real specifications, four cost frameworks, and the physics and prior-work checks.	This draft records the completed theorem audit, structural and narrowing results, scoped readings of five specifications, partial cost-framework comparisons, and the physics and prior-work checks. The expanded ground-truth plan remains in progress.	scope the draft to completed work; the expanded plan remains open
research/rounds/inputs/2026-09-30-v3.4.0-release-notes.md	55	- Every cited theorem was tried against trivial tactics. Those that fell are concrete computations or definitional facts, and the prose around each now says so.	- The earlier cited-theorem set was tried against trivial tactics. Those that fell are concrete computations or definitional facts, and the prose around each now says so. The later exhaustive audit uses exact statement classifications and a kernel-conversion vacuity gate instead of claiming that the earlier scan covered its larger universe.	the earlier tactic scan did not cover the later exhaustive theorem universe
research/rounds/inputs/2026-09-30-v3.4.0-release-notes.md	61	- 13,100 statements across 445 files.	- 13,318 statements across 450 files.	synchronize published totals with the current assumption receipt
research/rounds/inputs/2026-09-30-v3.4.0-release-notes.md	62	- 5,756 are closed under the global context and 7,344 depend on standard-library axioms.	- 5,965 are closed under the global context and 7,353 depend on standard-library axioms.	synchronize published totals with the current assumption receipt
README.md	31	2. **Establishing is not free.** If the step that turns uncertified into certified has to pay, every run from uncertified to certified has paid. Proved, for any system that follows that rule. The rule isn't arbitrary: on a machine with finite memory, a certificate that can never be revoked can only be switched on by a step that merges two states, and merging is what Landauer's principle charges for whenever the machine could be in either state. Proved in [PermanentCertification.v](coq/kernel/nfi/PermanentCertification.v), with Landauer's principle as the named premise. The heat comes from that uncertainty: a machine already known to be in one state loses nothing, and [PermanentCertificationEntropy.v](coq/kernel/nfi/PermanentCertificationEntropy.v) proves both sides. A small finite piece of the VM is such a machine, and the VM runs it paying exactly what its merges cost ([FiniteCertMachine.v](coq/kernel/nfi/FiniteCertMachine.v)). The full VM prices the merge that certifies and leaves other merges free. That is a design choice, and the same file proves both halves of it.	2. **Establishing is not free.** If the step that turns uncertified into certified has to pay, every run from uncertified to certified has paid. Proved, for any system that follows that rule. The rule isn't arbitrary: on a machine with finite memory, a certificate that can never be revoked can only be switched on by a step that merges two states, and merging is what Landauer's principle charges for whenever the machine could be in either state. Proved in [PermanentCertification.v](coq/kernel/nfi/PermanentCertification.v), with Landauer's principle as the named premise. The heat comes from that uncertainty: a machine already known to be in one state loses nothing, and [PermanentCertificationEntropy.v](coq/kernel/nfi/PermanentCertificationEntropy.v) proves both sides. A small finite piece of the VM is such a machine, and the VM runs it paying exactly what its merges cost ([FiniteCertMachine.v](coq/kernel/nfi/FiniteCertMachine.v)). In the full VM, every certification flip is a priced merge, while JUMP 0 0 is a zero-cost merge. Thus the VM does not price every merge; the theorem does not classify all non-certifying merges.	the cited theorem exhibits one free merge rather than classifying every non-certifying merge
README.md	64	I don't trust my own eye to catch a gap in an argument I want to believe, so I made the machine check the whole thing.	I don't trust my own eye to catch a gap in an argument I want to believe, so I made Coq check the formal claims and built tests and audits for the remaining boundaries.	separate proof-assistant coverage from prose and implementation audits
monograph/monograph.tex	294	The full VM prices the merge that certifies and leaves other merges free.	In the full VM, every certification flip is a priced merge, while JUMP 0 0 is a zero-cost merge.	the theorem proves a universal fact about certification flips and one existential free-merge witness
monograph/monograph.tex	295	That is a design choice, and both halves of it are proved.	Thus the VM does not price every merge; the theorem does not classify all non-certifying merges.	remove the unsupported classification of all remaining merges
monograph/monograph.tex	355	Two questions stay open: what the ledger means physically, and which events every account of computation has to price. For the full instruction set, the F1 physical premise pair can't coexist with free jumps, and \code{F1\_physical\_premises\_incompatible} proves it. A narrower pair does hold together. On a machine with finite memory and a certificate that can never be revoked, the step that certifies has to merge two states, so pricing merges, as Landauer's principle does in the worst case over what the machine might hold, yields A2 (\code{a2\_from\_merging\_price\_and\_permanence}). Priced per halving, switching $k$ states on beside $m$ certified ones costs at least $\log_2((m+k)/m)$. In Shannon entropy the same step removes at least that many bits from the uniform distribution on the states in play, and with Landauer's principle as the premise that is at least $k_B T\ln((m+k)/m)$ of heat. Any distribution that leaves every state in play possible forces positive heat; a state known in advance forces none, and both are proved. A four-slot piece of the VM with a certification flag is such a finite machine. The VM runs it step for step, and its ledger rises by exactly what the merges cost. The full VM prices only the merge that certifies and leaves the rest free, by design. And on finite hardware the events that must be priced are exactly the merges: every permanent-record write is one, and a flip escapes the price only when the same step can take it back. What stays open on the physical side is the experiment. The observation results don't forbid encodings that keep the information. The trace-fold property doesn't make the VM's state space initial.	Two questions stay open: what the ledger means physically, and which events every account of computation has to price. For the full instruction set, the F1 physical premise pair can't coexist with free jumps, and \code{F1\_physical\_premises\_incompatible} proves it. A narrower pair does hold together. On a machine with finite memory and a certificate that can never be revoked, the step that certifies has to merge two states, so pricing merges, as Landauer's principle does in the worst case over what the machine might hold, yields A2 (\code{a2\_from\_merging\_price\_and\_permanence}). Priced per halving, switching $k$ states on beside $m$ certified ones costs at least $\log_2((m+k)/m)$. In Shannon entropy the same step removes at least that many bits from the uniform distribution on the states in play, and with Landauer's principle as the premise that is at least $k_B T\ln((m+k)/m)$ of heat. Any distribution that leaves every state in play possible forces positive heat; a state known in advance forces none, and both are proved. A four-slot piece of the VM with a certification flag is such a finite machine. The VM runs it step for step, and its ledger rises by exactly what the merges cost. In the full VM every certification flip is a priced merge, and at least one other merge, JUMP 0 0, is free. And on finite hardware the events that must be priced are exactly the merges: every permanent-record write is one, and a flip escapes the price only when the same step can take it back. What stays open on the physical side is the experiment. The observation results don't forbid encodings that keep the information. The trace-fold property doesn't make the VM's state space initial.	match FiniteCertMachine.v exactly
monograph/monograph.tex	376	I used language models to write the code and the proofs in this project, and I trust language models about as far as I can throw them, which is exactly why I ran every line through a proof assistant that does not care who or what wrote it.	I used language models to write the code and the proofs in this project, and I trust language models about as far as I can throw them, which is exactly why every formal declaration is checked by a proof assistant that does not care who or what wrote it.	Coq checks formal declarations, not every prose or implementation line
monograph/monograph.tex	379	It is the reason I made a machine check all of it, me included.	It is the reason I made a machine check the formal corpus and built separate tests and audits for the prose and implementation boundaries, me included.	state the distinct evidence mechanisms without claiming universal proof-assistant coverage
monograph/monograph.tex	2314	The 51-opcode VM isn't an instance of the permanent-certificate theorem, and I don't want it to be. Here is what it does instead. It prices the one merge that certifies, and it leaves every other merge free.	The 51-opcode VM isn't an instance of the permanent-certificate theorem, and I don't want it to be. Here is what is proved instead. Every certification flip is a priced merge, and at least one other merge is free.	replace universal non-certifying-merge claim with the proved existential witness
monograph/monograph.tex	2320	\begin{theorem}[And leaves other merges free, \code{vm\_jump\_is\_free\_merge}, \code{vm\_prices\_certifying\_merge\_leaves\_others\_free}]	\begin{theorem}[And does not price every merge, \code{vm\_jump\_is\_free\_merge}, \code{vm\_prices\_certifying\_merge\_leaves\_others\_free}]	the theorem title now states the actual existential consequence
monograph/monograph.tex	2342	Two limits. The price of two on \texttt{JUMP} is the program's choice of \texttt{mu\_delta}. The VM's schedule allows it and doesn't force it, because the schedule prices certification and leaves other merges to the program. And the window is a projection. The VM's full state keeps more than the eight finite states do, its ledger included. What the theorem shows is that the permanent-certificate argument isn't about an imaginary machine. A fragment of the VM I built runs it, and pays what Landauer's principle would ask of it.	Two limits. The price of two on \texttt{JUMP} is the program's choice of \texttt{mu\_delta}. The VM's schedule allows it and doesn't force it. The theorem proves that certification flips are priced and exhibits one free non-certifying merge; it does not classify every other merge. And the window is a projection. The VM's full state keeps more than the eight finite states do, its ledger included. What the theorem shows is that the permanent-certificate argument isn't about an imaginary machine. A fragment of the VM I built runs it, and pays what Landauer's principle would ask of it.	avoid inferring a complete merge-price classification
monograph/monograph.tex	4737	Establishing is not free: proved, for any system that follows A2, whatever its states and instructions. And on finite hardware with certificates that last, A2 itself follows from Landauer's principle: proved, with that principle as the named premise, in counted states and in bits. A finite piece of the VM is such a machine, and the VM runs it at exactly that price. The full VM prices the certifying merge and leaves other merges free, by design.	Establishing is not free: proved, for any system that follows A2, whatever its states and instructions. And on finite hardware with certificates that last, A2 itself follows from Landauer's principle: proved, with that principle as the named premise, in counted states and in bits. A finite piece of the VM is such a machine, and the VM runs it at exactly that price. In the full VM, every certification flip is a priced merge and JUMP 0 0 is a free merge, so the VM does not price every merge.	match the exact theorem scope in the conclusion
monograph/thiele_machine_math_spec.tex	19	\title{\textbf{The Thiele Machine}\\ \large A Complete Mathematical Specification\\[6pt] \normalsize Derived from the Fully Machine-Checked Coq Corpus}	\title{\textbf{The Thiele Machine}\\ \large A Mathematical Reference\\[6pt] \normalsize Derived from the Machine-Checked Coq Corpus}	the document presents selected VM semantics rather than all 51 opcode cases
monograph/thiele_machine_math_spec.tex	67	This is the complete mathematical specification of the Thiele Machine: a formal model of computation where structural information carries an explicit, monotone cost $\mu$ that starts at zero and never decreases. Everything here is built from the machine-checked Coq corpus. You can reconstruct the machine from what's in this document alone.	This is a mathematical reference for the Thiele Machine: a formal model of computation where structural information carries an explicit, monotone cost $\mu$ that starts at zero and never decreases. It presents the abstract interfaces, the main theorems, and selected semantics from the machine-checked Coq corpus. The complete 51-opcode operational definition is the Coq source; this document alone does not enumerate enough semantics to reconstruct it.	identify the Coq source as the complete operational definition
monograph/thiele_machine_math_spec.tex	532	\textbf{Minimality} (\texttt{P\_\allowbreak{}full\_\allowbreak{}complete\_\allowbreak{}neither\_\allowbreak{}mu\_\allowbreak{}nor\_\allowbreak{}cert\_\allowbreak{}droppable}): $(\texttt{mem}, \texttt{regs}, \texttt{pc}, \mu, \texttt{certified})$ is the minimal complete extension of classical state for $\mu$ and certification. Graph structure is a third independent axis.	\textbf{Non-droppability, not representation minimality} (\texttt{P\_\allowbreak{}full\_\allowbreak{}complete\_\allowbreak{}neither\_\allowbreak{}mu\_\allowbreak{}nor\_\allowbreak{}cert\_\allowbreak{}droppable}): $(\texttt{mem}, \texttt{regs}, \texttt{pc}, \mu, \texttt{certified})$ is complete for returning $\mu$ and certification, and neither named coordinate can be dropped from this projection while retaining its corresponding answer. No ordering over arbitrary encodings is defined, so this is not a smallest-representation theorem. Graph structure is a third independent axis.	NecessityAbstract.v explicitly disclaims a smallest-representation theorem
monograph/thiele_machine_math_spec.tex	1109	\textbf{(PO-STRONG) is false}, on that two-part argument. Three candidates refute it; for each, the non-proliferating observer map is checked in Coq and its faithfulness to the design is argued in prose:	\textbf{Three candidates argue against (PO-STRONG)}, using a two-part argument rather than an unconditional machine theorem. For each, the non-proliferating observer map is checked in Coq and its faithfulness to the design is argued in prose:	the real-system correspondence is prose rather than a formal security theorem
monograph/thiele_machine_math_spec.tex	1117	The boundary these trace is sharp, and it is not the one (PO-STRONG) guessed at. A MAC and a digital signature both resist forgery; only the signature proliferates. Deniable authentication and certificate transparency both resist forgery; deniability actively prevents third-party conviction while transparency actively requires it. Object capabilities and proof-carrying code both make unearned authority impossible; the capability confines it to the holder while the proof travels to every consumer. In each pair the proliferating member is the one whose commitment must convince parties who were not present. The criterion that survives is therefore:	If those prose correspondences are accepted, the boundary they trace is not the one (PO-STRONG) guessed at. A MAC and a digital signature both resist forgery; only the signature proliferates. Deniable authentication and certificate transparency both resist forgery; deniability actively prevents third-party conviction while transparency actively requires it. Object capabilities and proof-carrying code both make unearned authority impossible; the capability confines it to the holder while the proof travels to every consumer. In each pair the proliferating member is the one whose commitment must convince parties who were not present. The surviving candidate criterion is therefore:	make the modeling premise explicit
monograph/thiele_machine_math_spec.tex	1722	$\mathrm{vm\_apply}(\cdot, \texttt{CERTIFY}\ d)$ is not injective: states differing only in \texttt{vm\_certified} have the same image (\texttt{vm\_\allowbreak{}certify\_\allowbreak{}merges}). Every $s, i$ with $\texttt{vm\_certified}(s) = \mathrm{false}$ and $\texttt{vm\_certified}(\mathrm{vm\_apply}(s,i)) = \mathrm{true}$ has $\mathrm{vm\_apply}(\cdot, i)$ non-injective and $\mathrm{instruction\_cost}(i) \geq 1$ (\texttt{vm\_\allowbreak{}certifying\_\allowbreak{}step\_\allowbreak{}is\_\allowbreak{}priced\_\allowbreak{}merge}). $\mathrm{vm\_apply}(\cdot, \texttt{JUMP 0 0})$ is not injective and costs $0$ (\texttt{vm\_\allowbreak{}jump\_\allowbreak{}is\_\allowbreak{}free\_\allowbreak{}merge}). Hence $\neg\,\texttt{merging\_\allowbreak{}steps\_\allowbreak{}priced}(\mathrm{vm\_apply}, \mathrm{instruction\_cost})$ (\texttt{vm\_\allowbreak{}prices\_\allowbreak{}certifying\_\allowbreak{}merge\_\allowbreak{}leaves\_\allowbreak{}others\_\allowbreak{}free}). The schedule prices the certifying merge and leaves other merges free by design; A2 holds for the VM independently (\texttt{no\_\allowbreak{}free\_\allowbreak{}certification\_\allowbreak{}certified}).	$\mathrm{vm\_apply}(\cdot, \texttt{CERTIFY}\ d)$ is not injective: states differing only in \texttt{vm\_certified} have the same image (\texttt{vm\_\allowbreak{}certify\_\allowbreak{}merges}). Every $s, i$ with $\texttt{vm\_certified}(s) = \mathrm{false}$ and $\texttt{vm\_certified}(\mathrm{vm\_apply}(s,i)) = \mathrm{true}$ has $\mathrm{vm\_apply}(\cdot, i)$ non-injective and $\mathrm{instruction\_cost}(i) \geq 1$ (\texttt{vm\_\allowbreak{}certifying\_\allowbreak{}step\_\allowbreak{}is\_\allowbreak{}priced\_\allowbreak{}merge}). $\mathrm{vm\_apply}(\cdot, \texttt{JUMP 0 0})$ is not injective and costs $0$ (\texttt{vm\_\allowbreak{}jump\_\allowbreak{}is\_\allowbreak{}free\_\allowbreak{}merge}). Hence $\neg\,\texttt{merging\_\allowbreak{}steps\_\allowbreak{}priced}(\mathrm{vm\_apply}, \mathrm{instruction\_cost})$ (\texttt{vm\_\allowbreak{}prices\_\allowbreak{}certifying\_\allowbreak{}merge\_\allowbreak{}leaves\_\allowbreak{}others\_\allowbreak{}free}). Thus every certification flip is a priced merge and at least one other merge is free; the theorem does not classify every non-certifying merge. A2 holds for the VM independently (\texttt{no\_\allowbreak{}free\_\allowbreak{}certification\_\allowbreak{}certified}).	match the universal and existential quantifiers of the cited Coq results
monograph/thiele_machine_math_spec.tex	2021	$\mu$ Cost Universal Across Machines & \texttt{coq/\allowbreak{}NecessityOfMuLedger.v}: \texttt{shadow\_\allowbreak{}mu\_\allowbreak{}delta\_\allowbreak{}universal} \\	$\mu$ Cost Difference Independent of Starting State & \texttt{coq/\allowbreak{}NecessityOfMuLedger.v}: \texttt{shadow\_\allowbreak{}mu\_\allowbreak{}delta\_\allowbreak{}universal} \\	the theorem uses one VM, one program, and two starting states
monograph/thiele_machine_math_spec.tex	2165	Strong Pointer Criterion (PO-STRONG) Is False & \textbf{(S)} & Coq checks the three observer maps (deniable authentication, symmetric MAC, object capabilities); their faithfulness to the real designs, and so the refutation, is argued in prose \\	Three Candidate Counterexamples to PO-STRONG & \textbf{(R)} & Coq checks the three observer maps (deniable authentication, symmetric MAC, object capabilities); their faithfulness to the real designs, and so the refutation, remains a prose modeling judgment \\	the Coq observer calculations do not formalize real-system security or deployment
monograph/thiele_machine_math_spec.tex	2171	Full VM prices only the certifying merge & \textbf{(S)} & Every certification flip is a priced merge; \texttt{JUMP 0 0} is a free merge; by design \\	Full VM does not price every merge & \textbf{(S)} & Every certification flip is a priced merge; \texttt{JUMP 0 0} is a free merge; other merges are not classified \\	the cited result exhibits JUMP 0 0 and does not classify all merges
THIELE_MACHINE.txt	19	  6. What carries the weight. Every machine can carry the record axis, as itself plus a latch on an event it reaches. On the VM the record can't be read back off the shadow. On finite hardware, writing a permanent record merges states, so pricing merges prices the write. Proved. That a permanent record is a latch on one event is close to definitional. Which event gets latched is the pointer question, and it is open. (Section 12.)	  6. What carries the weight. Every machine can carry the record axis, as itself plus a latch on an event it reaches. On the VM the record can't be read back off the shadow. On finite hardware, writing a permanent record merges states, so pricing merges prices the write. Proved. A record that never switches off and whose update is driven by the base computation is a latch on one event; both premises are essential. Which event gets latched is the pointer question, and it is open. (Section 12.)	restore the computation-driven and permanence premises of HonestExtension4
THIELE_MACHINE.txt	121	"That escape needs memory that grows without bound. Take it away and the certifying step can't dodge. `permanent_flip_is_not_injective` proves that on a finite state space, with a certificate no step revokes, the step that switches the certificate on merges two states. Price every merging step at one or more, as Landauer's principle does in the worst case over what the machine might hold, and A2 follows (`a2_from_merging_price_and_permanence`). The honest version of the erasure rival sends the same bill (`honest_erasure_accounting_implies_a2`). Each premise is needed, and the file builds a counterexample for each: unbounded history, a revocable certificate, an unpriced reset. The full VM isn't an instance, and that is a design choice. Its ledger is unbounded, and its schedule prices the one merge that certifies while leaving the rest free: every step that switches the certification flag on merges two states and costs at least one, and JUMP 0 0 merges program counters at cost zero (`vm_prices_certifying_merge_leaves_others_free`). Pricing every merge would charge every overwrite, and whether every account must do that is the physics question. A finite piece of the VM is an instance. Four program slots and a certification flag make eight states, and CERTIFY 0, JUMP a 2, and CHECKPOINT """" 0 run that machine through the window (pc mod 4, certified), with mu rising by exactly the price each merge demands (`vm_runs_finite_trace`). The JUMP price of two is the program's choice; the VM allows it and doesn't force it. The merging price is a named premise. The units are merged states, not joules. None of the pieces is new. Setting a flag to true whatever it held is Landauer's own example of an irreversible step, finite memory forcing erasure is Bennett's point, and the counting is the pigeonhole. What is added is the link for every implementation of a certificate that lasts, checked in Coq."	That escape needs memory that grows without bound. Take it away and the certifying step can't dodge. `permanent_flip_is_not_injective` proves that on a finite state space, with a certificate no step revokes, the step that switches the certificate on merges two states. Price every merging step at one or more, as Landauer's principle does in the worst case over what the machine might hold, and A2 follows (`a2_from_merging_price_and_permanence`). The honest version of the erasure rival sends the same bill (`honest_erasure_accounting_implies_a2`). Each premise is needed, and the file builds a counterexample for each: unbounded history, a revocable certificate, an unpriced reset. The full VM isn't an instance, and that is a design choice. Its ledger is unbounded: every step that switches the certification flag on merges two states and costs at least one, while JUMP 0 0 is a zero-cost merge (`vm_prices_certifying_merge_leaves_others_free`). Thus the schedule does not price every merge; this theorem does not classify all remaining merges. Pricing every merge would charge every overwrite, and whether every account must do that is the physics question. A finite piece of the VM is an instance. Four program slots and a certification flag make eight states, and CERTIFY 0, JUMP a 2, and CHECKPOINT "" 0 run that machine through the window (pc mod 4, certified), with mu rising by exactly the price each merge demands (`vm_runs_finite_trace`). The JUMP price of two is the program's choice; the VM allows it and doesn't force it. The merging price is a named premise. The units are merged states, not joules. None of the pieces is new. Setting a flag to true whatever it held is Landauer's own example of an irreversible step, finite memory forcing erasure is Bennett's point, and the counting is the pigeonhole. What is added is the link for every implementation of a certificate that lasts, checked in Coq.	match the cited theorem's universal and existential claims
CITATION.cff	48	  run by the VM at exactly its merge price; the full VM, by design,	  run by the VM at exactly its merge price; in the full VM every certification flip is	replace the unsupported complete price classification
CITATION.cff	49	  prices only the merge that certifies. An exact price for	  a priced merge while JUMP 0 0 is a free merge, so it does not price every merge. An exact price for	state the exact free-merge witness
CITATION.cff	56	  record merges states, so pricing merges prices the write. That a	  record merges states, so pricing merges prices the write. A record that never	restore the factorization premises
CITATION.cff	57	  permanent record is a latch on one event is close to definitional. Which	  switches off and is driven by the base computation is a latch on one event; both premises are essential. Which	restore computation-driven updating and permanence
research/rounds/inputs/2026-09-30-v3.4.0-release-notes.md	11	That a permanent record driven by the computation is a latch on one event (`uniqueness_round4_holds`) is close to definitional. It follows from its two conditions in a few lines.	A record that never switches off and whose update is driven by the base computation is a latch on one event (`uniqueness_round4_holds`). Both premises are essential: revocation and a hidden clock are counterexamples.	state both premises and their counterexamples
research/rounds/inputs/2026-09-30-v3.4.0-release-notes.md	18	- Over any base, the record is a latch on one event (`uniqueness_round4_holds`), and two records are one axis (`uniqueness_round4_pair_holds`). A revocable record is not a latch (`toggle_not_latch`). A record run by a hidden clock is not driven by the computation (`clock_record_not_driven`).	- Over any base, a record that never switches off and whose update is driven by the base computation is a latch on one event (`uniqueness_round4_holds`), and two such records are one axis (`uniqueness_round4_pair_holds`). A revocable record is not a latch (`toggle_not_latch`). A record run by a hidden clock is not driven by the computation (`clock_record_not_driven`).	restore the HonestExtension4 premises
monograph/thiele_machine_math_spec.tex	60	It is a machine in the sense a Turing machine is one: a mathematical object, not a device. The 51-opcode VM specified in the chapters below is one build of that model, specified in full so it can be checked. It is not the model. The model is the abstract \texttt{CertificationSystem} and \texttt{Substrate} interfaces; the VM is one instance of each.	It is a machine in the sense a Turing machine is one: a mathematical object, not a device. The 51-opcode VM summarized in the chapters below is one build of that model; its complete checked definition is the Coq source. It is not the model. The model is the abstract \texttt{CertificationSystem} and \texttt{Substrate} interfaces; the VM is one instance of each.	the reference summarizes selected semantics; the complete VM definition is the Coq source
monograph/monograph.tex	221	{\Large\itshape A Complete Account from First Principles}\\[0.9em]	{\Large\itshape A Checked Account with Open Questions}\\[0.9em]	replace a completion claim with a title that acknowledges the stated open questions
monograph/monograph.tex	2183	What the theorem covers, and what it doesn't. The pricing premise is Landauer's principle stated on the logic, a named premise. It isn't a theorem about heat. The 51-opcode VM is not an instance, and that is by design. Its ledger is an unbounded natural, so its state space is infinite. And its schedule prices the merge that certifies while leaving other merges free: \texttt{JUMP} merges program counters at zero declared cost. Section~\ref{sec:finite-vm} proves both halves of that choice, and builds a finite piece of the VM that is an instance. The theorem is about a permanent certificate on finite hardware. The core is a pigeonhole argument, and the physics it leans on is Landauer's and Bennett's (\href{https://doi.org/10.1016/S1355-2198(03)00039-X}{``Notes on Landauer's principle, reversible computation, and Maxwell's Demon''}, 2003). None of those pieces is new. \texttt{CERTIFY} sets a flag to true whatever it held, and that is Landauer's own example of an irreversible step. That finite memory eventually has to erase is Bennett's point. What the theorem adds is the link, stated for every implementation at once: however a certificate that lasts is encoded, on finite memory the step that switches it on merges states. No clever encoding of a permanent certificate dodges that. Finiteness and permanence together close Bennett's history escape for the one step that certifies.	What the theorem covers, and what it doesn't. The pricing premise is Landauer's principle stated on the logic, a named premise. It isn't a theorem about heat. The 51-opcode VM is not an instance, and that is by design. Its ledger is an unbounded natural, so its state space is infinite. Every certification flip is a priced merge, while \texttt{JUMP 0 0} is a zero-cost merge, so the schedule does not price every merge. Section~\ref{sec:finite-vm} proves those two facts and builds a finite piece of the VM that is an instance; it does not classify every other merge. The theorem is about a permanent certificate on finite hardware. The core is a pigeonhole argument, and the physics it leans on is Landauer's and Bennett's (\href{https://doi.org/10.1016/S1355-2198(03)00039-X}{``Notes on Landauer's principle, reversible computation, and Maxwell's Demon''}, 2003). None of those pieces is new. \texttt{CERTIFY} sets a flag to true whatever it held, and that is Landauer's own example of an irreversible step. That finite memory eventually has to erase is Bennett's point. What the theorem adds is the link, stated for every implementation at once: however a certificate that lasts is encoded, on finite memory the step that switches it on merges states. No clever encoding of a permanent certificate dodges that. Finiteness and permanence together close Bennett's history escape for the one step that certifies.	remove the unsupported classification of all non-certifying merges
monograph/monograph.tex	2324	That second theorem isn't a gap in the VM. Pricing every merge would charge every overwrite: every \texttt{LOAD\_IMM}, every \texttt{ADD}, every \texttt{STORE}. That is what Landauer's principle asks of a physical machine, and whether every account of computation has to answer to it is the physics question this book leaves open. The VM's schedule keeps classical computation free and puts the price on certification alone. A2 holds for it as a theorem either way. What the finite argument adds is that the price isn't arbitrary: on hardware that does price its merges, the same bill comes due. So I built a finite machine that prices all its merges and showed the VM runs it.	That second theorem isn't a gap in the VM. Pricing every merge would charge every overwrite: every \texttt{LOAD\_IMM}, every \texttt{ADD}, every \texttt{STORE}. That is what Landauer's principle asks of a physical machine, and whether every account of computation has to answer to it is the physics question this book leaves open. Classical opcodes may carry programmer-selected costs, and several structural instruction families have mandatory positive terms; certification is not the schedule's only priced event. A2 holds for the VM as a theorem. What the finite argument adds is that the certification price isn't arbitrary: on hardware that does price its merges, the same bill comes due. So I built a finite machine that prices all its merges and showed the VM runs it.	the VM prices structural families beyond certification and classical costs are programmer-selected
monograph/monograph.tex	4635	\textbf{Permanent certificate} \code{Kernel.PermanentCertification.a2\_from\_merging\_price\_and\_permanence} & Any state type with a duplicate-free enumeration, any step, any certification reading. Permanence and a price of at least one on every non-injective step yield A2. The merging price is a named premise standing for Landauer's principle. The full VM is not an instance by design: its ledger is unbounded, and it prices the certifying merge while leaving other merges free. Each premise has a counterexample in the file. \\	\textbf{Permanent certificate} \code{Kernel.PermanentCertification.a2\_from\_merging\_price\_and\_permanence} & Any state type with a duplicate-free enumeration, any step, any certification reading. Permanence and a price of at least one on every non-injective step yield A2. The merging price is a named premise standing for Landauer's principle. The full VM is not an instance by design: its ledger is unbounded, every certification flip is priced, and JUMP 0 0 is a free merge, so not every merge is priced. Other merges are not classified. Each premise has a counterexample in the file. \\	match the exact universal certification and existential free-merge results
