rank	field	design_question_or_problem	primary_source	directness	planned_outcome
1	certificate transparency	Can a client detect a split global log view from its local STH without sharing responses?	https://www.rfc-editor.org/rfc/rfc9162.html#section-11.3	direct projection collision	PROVED BUT KNOWN expected
2	remote attestation	Must quote verification bind the supplied PCR selection to the signed selection?	https://github.com/tpm2-software/tpm2-tools/security/advisories/GHSA-8rjm-5f5f-h4q6	direct missing-record binding	PROVED BUT KNOWN expected
3	blockchain finality	Can a joining node establish a trusted history from a local suffix without an out-of-band weak-subjectivity checkpoint?	https://github.com/ethereum/consensus-specs/blob/master/specs/phase0/weak-subjectivity.md	direct projection collision	PROVED BUT KNOWN expected
4	database WAL	Can an acknowledged commit survive a crash when its commit record was not made durable?	https://www.postgresql.org/docs/current/wal-intro.html	direct permanence condition	PROVED BUT KNOWN expected
5	audit trails	Can a current local log alone establish a past event after local deletion or loss?	https://csrc.nist.gov/pubs/sp/800/92/r1/ipd	direct projection collision	PROVED BUT KNOWN expected
6	certificate transparency	How should gossip detect inconsistent views while managing client privacy?	https://www.rfc-editor.org/rfc/rfc9162.html#section-11.3	needs network/adversary model	BLOCKED expected
7	blockchain finality	How should weak-subjectivity checkpoints be distributed and refreshed?	https://github.com/ethereum/consensus-specs/blob/master/specs/phase0/weak-subjectivity.md	deployment mechanism absent	BLOCKED expected
8	persistent storage	Which barriers establish arrival at the platform durability domain for persistent memory?	https://www.kernel.org/doc/html/latest/core-api/wrappers/memory-barriers.html	known hardware contract	PROVED BUT KNOWN expected
9	storage energy	How should storage power efficiency be measured across workload classes?	https://www.snia.org/tech_activities/standards/curr_standards/emerald	physical calibration absent	BLOCKED expected
10	proof-carrying code	How is correctness of the proof checker and safety policy kept inside a small trusted base?	https://people.eecs.berkeley.edu/~necula/Papers/thesis.pdf	full PCC model absent	BLOCKED expected

