raw_name	decision	logical_identities	reason
allchannels	aggregate	Kernel.AbstractNoFI.no_free_certification_trace_mu;Kernel.WitnessInsightGeneral.no_free_certification_certified_trace_mu	The prose theorem combines the two trace-level certification channels.
nfi	proof	NoFI.NoFreeInsight_Theorem.NoFreeInsight.no_free_insight	The label names the parametric No Free Insight theorem.
latent_mu	aggregate	NecessityOfMuLedger.shadow_mu_is_computation_intrinsic;NecessityOfMuLedger.shadow_mu_delta_universal;NecessityOfMuLedger.shadow_mu_unique_accounting;NecessityOfMuLedger.shadow_mu_inevitable	The theorem environment explicitly packages these four results.
partition_nfi	proof	Kernel.PartitionRefinementNoFI.partition_free_but_certification_nonfree	The label names the displayed kernel theorem.
three_escapes	aggregate	VerifierEscape_Substrate.substrate_escape_succeeds;VerifierEscape_Hardness.commitment_contract_verifier;VerifierEscape_Interaction.interactive_escape_succeeds	The theorem environment packages three sufficient verifier interfaces.
taxonomy	proof	Kernel.WitnessInsightGeneral.witness_insight_complete_taxonomy	The label names the displayed taxonomy theorem.
thiele_honest_iff_qr	proof	Kernel.QuantumPartitionPSD.column_contractive_iff_npa_psd	The historical label names the displayed slice-coherence equivalence.
f3_narrow	proof	Kernel.F3_PartitionTopologyCrossLink.F3_partition_topology_mu_cross_link	The label names the narrow F3 cross-link theorem.
einstein_main	proof	Kernel.EinsteinEquations4D.einstein_equation_vacuum	The label names the displayed vacuum theorem.
f1_strong_form	proof	Kernel.F1_StrongForm.F1_strong_form_universal	The label names the displayed conditional strong form.
dimensional_gap	proof	Kernel.DimensionalGapTheorem.dimensional_gap_forces_constant	The label names the displayed dimensional-gap theorem.
compose_assoc	proof	Kernel.CategoryLaws.relational_compose_assoc	The label names relational composition associativity.
graph_compose_assoc	aggregate	Kernel.CategoryBridge.morph_graph_compose_assoc;Kernel.CategoryBridge.morph_id_left_coupling;Kernel.CategoryBridge.morph_id_right_coupling;Kernel.CategoryBridge.categorical_extension_nofi_consistent	The theorem environment packages graph associativity, both unit laws, and the certification-cost boundary.
