raw_name	logical_identity	reason
P_full_complete_neither_mu_nor_cert_droppable	Kernel.NecessityAbstract.P_full_complete_neither_mu_nor_cert_droppable	The unqualified name has more than one proof declaration.
accountable_safety	Kernel.CasperFFG.accountable_safety	The unqualified name has more than one proof declaration.
categorical_separation	Kernel.PartitionSeparation.PartitionSeparation.categorical_separation	The unqualified name has more than one proof declaration.
cauchy_schwarz_chsh	Kernel.TsirelsonGeneral.cauchy_schwarz_chsh	The unqualified name has more than one proof declaration.
cert_model_mu_necessity	Kernel.NecessityAbstract.cert_model_mu_necessity	The unqualified name has more than one proof declaration.
classical_bound_achieved	Kernel.ClassicalBound.classical_bound_achieved	The unqualified name has more than one proof declaration.
classical_observer_cannot_separate	Kernel.PartitionSeparation.PartitionSeparation.classical_observer_cannot_separate	The unqualified name has more than one proof declaration.
cost_model_cert_necessity	Kernel.NecessityAbstract.cost_model_cert_necessity	The unqualified name has more than one proof declaration.
instruction_consistent_measure_equals_mu	Kernel.MuInitiality.instruction_consistent_measure_equals_mu	The unqualified name has more than one proof declaration.
kernel_certified_implies_positive_mu	Kernel.PrimeAxiom.kernel_certified_implies_positive_mu	The unqualified name has more than one proof declaration.
master_tsirelson_conditional	PhysicsConditionalClosure.master_tsirelson_conditional	The unqualified name has more than one proof declaration.
mu_accumulates_trace_cost	Kernel.MuInitiality.mu_accumulates_trace_cost	The unqualified name has more than one proof declaration.
mu_initiality	Kernel.MuInitiality.mu_initiality	The unqualified name has more than one proof declaration.
mu_is_initial_monotone	Kernel.MuInitiality.mu_is_initial_monotone	The unqualified name has more than one proof declaration.
mu_is_universal	Kernel.MuInitiality.mu_is_universal	The unqualified name has more than one proof declaration.
mu_ledger_minimality	Kernel.NecessityAbstract.mu_ledger_minimality	The unqualified name has more than one proof declaration.
mu_ledger_mutual_independence	Kernel.NecessityAbstract.mu_ledger_mutual_independence	The unqualified name has more than one proof declaration.
mu_ledger_necessity	NecessityOfMuLedger.mu_ledger_necessity	The unqualified name has more than one proof declaration.
no_cloning_bloch	Kernel.NoCloning.no_cloning_bloch	The unqualified name has more than one proof declaration.
no_cloning_from_conservation	Kernel.NoCloning.no_cloning_from_conservation	The unqualified name has more than one proof declaration.
relational_compose_assoc	Kernel.CategoryLaws.relational_compose_assoc	The unqualified name has more than one proof declaration.
run_vm_mu_conservation	Kernel.MuLedgerConservation.run_vm_mu_conservation	The unqualified name has more than one proof declaration.
strengthening_requires_structure_addition	Kernel.NoFreeInsight.NoFreeInsight.strengthening_requires_structure_addition	The unqualified name has more than one proof declaration.
tensor_bifunctor	Kernel.CategoryMonoidal.tensor_bifunctor	The theorem label is unqualified and collides with another proof declaration.
trace_run_mu_monotone	NoFI.Instance_Kernel.KernelNoFI.trace_run_mu_monotone	The README cites the concrete kernel instance, not the separate quantitative theorem.
tsirelson_from_row_bounds	Kernel.TsirelsonGeneral.tsirelson_from_row_bounds	The unqualified name has more than one proof declaration.
turing_ram_cert_necessity	Kernel.NecessityAbstract.turing_ram_cert_necessity	The unqualified name has more than one proof declaration.
turing_ram_mu_necessity	Kernel.NecessityAbstract.turing_ram_mu_necessity	The unqualified name has more than one proof declaration.
vm_apply_certify_strict_shadow	NecessityOfMuLedger.vm_apply_certify_strict_shadow	The unqualified name has more than one proof declaration.
vm_apply_mu	Kernel.MuLedgerConservation.vm_apply_mu	The unqualified name has more than one proof declaration.
vm_apply_pnew_strict_shadow	NecessityOfMuLedger.vm_apply_pnew_strict_shadow	The unqualified name has more than one proof declaration.
vm_certified_not_classically_determined	NecessityOfMuLedger.vm_certified_not_classically_determined	The unqualified name has more than one proof declaration.
vm_mu_not_classically_determined	NecessityOfMuLedger.vm_mu_not_classically_determined	The unqualified name has more than one proof declaration.
zero_cost_preserves_purity	Kernel.Unitarity.zero_cost_preserves_purity	The unqualified name has more than one proof declaration.
zero_cost_preserves_radius	Kernel.Unitarity.zero_cost_preserves_radius	The unqualified name has more than one proof declaration.
