logical_identity	declaration_file	declaration_line	declaration_kind	addressability	predicted_class	prediction_basis
KamiHW.Abstraction.kami_register_write_matches_vm	coq/kami_hw/Abstraction.v	2866	Theorem	addressable	N	The statement does not assert a recorded-event property.
KamiHW.EmbedStep.embed_step_compute	coq/kami_hw/EmbedStep.v	324	Theorem	addressable	N	The statement does not assert a recorded-event property.
KamiHW.GraphReconstructionBridge.coupling_desc_safe_kami_step_preserved	coq/kami_hw/GraphReconstructionBridge.v	1345	Theorem	addressable	N	The statement does not assert a recorded-event property.
KamiHW.GraphReconstructionBridge.coupling_wf_kami_step_preserved	coq/kami_hw/GraphReconstructionBridge.v	1683	Theorem	addressable	N	The statement does not assert a recorded-event property.
KamiHW.GraphReconstructionBridge.driven_step_compose	coq/kami_hw/GraphReconstructionBridge.v	3387	Theorem	addressable	N	The statement does not assert a recorded-event property.
KamiHW.GraphReconstructionBridge.driven_step_wf	coq/kami_hw/GraphReconstructionBridge.v	3889	Theorem	addressable	N	The statement does not assert a recorded-event property.
KamiHW.GraphReconstructionBridge.driven_trace_commutes	coq/kami_hw/GraphReconstructionBridge.v	3969	Theorem	addressable	N	The statement does not assert a recorded-event property.
KamiHW.GraphReconstructionBridge.morph_table_wf_kami_step_preserved	coq/kami_hw/GraphReconstructionBridge.v	1106	Theorem	addressable	N	The statement does not assert a recorded-event property.
KamiHW.RTLGapRegistry.rtl_gap_registry_empty	coq/kami_hw/RTLGapRegistry.v	51	Theorem	addressable	N	The statement does not assert a recorded-event property.
KamiHW.RTLGapRegistry.rtl_inventory_arithmetic	coq/kami_hw/RTLGapRegistry.v	75	Theorem	addressable	N	The statement does not assert a recorded-event property.
KamiHW.RetireProgress.admitted_run_progress	coq/kami_hw/RetireProgress.v	76	Theorem	addressable	N	The statement does not assert a recorded-event property.
KamiHW.TableInvariantsReachable.fsm_retirement_refinement	coq/kami_hw/TableInvariantsReachable.v	108	Theorem	addressable	N	The statement does not assert a recorded-event property.
Kernel.A2Payoff.a2_equal_trust_substitution_payoff	coq/kernel/nfi/A2Payoff.v	47	Theorem	addressable	G	The statement quantifies an arbitrary event reading or record system; its explicit premises remain conditions.
Kernel.AbstractNoFI.abstract_nfi	coq/kernel/nfi/AbstractNoFI.v	113	Theorem	addressable	I	The statement classifies, counts, or preserves a named instruction or setter class rather than a state reading.
Kernel.AbstractNoFI.cert_addr_setter_cost_pos	coq/kernel/nfi/AbstractNoFI.v	173	Lemma	addressable	I	The statement classifies, counts, or preserves a named instruction or setter class rather than a state reading.
Kernel.AbstractNoFI.certification_requires_positive_mu	coq/kernel/nfi/AbstractNoFI.v	625	Theorem	addressable	C	The statement fixes the VM certification flag, certificate address, or a fixed certification-carrying Thiele structure.
Kernel.AbstractNoFI.no_free_certification	coq/kernel/nfi/AbstractNoFI.v	447	Theorem	addressable	C	The statement fixes the VM certification flag, certificate address, or a fixed certification-carrying Thiele structure.
Kernel.AbstractNoFI.no_free_certification_certified	coq/kernel/nfi/AbstractNoFI.v	578	Theorem	addressable	C	The statement fixes the VM certification flag, certificate address, or a fixed certification-carrying Thiele structure.
Kernel.AbstractNoFI.no_free_certification_mu	coq/kernel/nfi/AbstractNoFI.v	470	Corollary	addressable	C	The statement fixes the VM certification flag, certificate address, or a fixed certification-carrying Thiele structure.
Kernel.AbstractNoFI.no_free_certification_trace_mu	coq/kernel/nfi/AbstractNoFI.v	543	Theorem	addressable	C	The statement fixes the VM certification flag, certificate address, or a fixed certification-carrying Thiele structure.
Kernel.AbstractNoFI.thiele_nfi_pc_indexed	coq/kernel/nfi/AbstractNoFI.v	349	Theorem	addressable	C	The statement fixes the VM certification flag, certificate address, or a fixed certification-carrying Thiele structure.
Kernel.AffineEFEClosure.affine_efe_fails_outer_offdiag	coq/kernel/curvature/AffineEFEClosure.v	465	Theorem	addressable	N	The statement does not assert a recorded-event property.
Kernel.AffineEFEClosure.affine_einstein_outer	coq/kernel/curvature/AffineEFEClosure.v	434	Theorem	addressable	N	The statement does not assert a recorded-event property.
Kernel.AffineEFEClosure.affine_full_tensor_efe	coq/kernel/curvature/AffineEFEClosure.v	92	Theorem	addressable	N	The statement does not assert a recorded-event property.
Kernel.AffineEFEClosure.affine_off_diagonal_ricci_zero	coq/kernel/curvature/AffineEFEClosure.v	66	Theorem	addressable	N	The statement does not assert a recorded-event property.
Kernel.AffineEFEClosure.affine_ricci_diag_outer	coq/kernel/curvature/AffineEFEClosure.v	373	Theorem	addressable	N	The statement does not assert a recorded-event property.
Kernel.AffineEFEClosure.affine_ricci_offdiag_outer	coq/kernel/curvature/AffineEFEClosure.v	349	Theorem	addressable	N	The statement does not assert a recorded-event property.
Kernel.AffineEFEClosure.affine_ricci_scalar_outer	coq/kernel/curvature/AffineEFEClosure.v	396	Theorem	addressable	N	The statement does not assert a recorded-event property.
Kernel.AlgebraicCoherence.algebraically_coherent_tsirelson_general	coq/kernel/category/AlgebraicCoherence.v	363	Theorem	addressable	N	The statement does not assert a recorded-event property.
Kernel.AlgebraicCoherence.tsirelson_rational_lower_witness	coq/kernel/category/AlgebraicCoherence.v	345	Theorem	addressable	N	The statement does not assert a recorded-event property.
Kernel.BlindnessRepresentation.blindness_non_injective	coq/kernel/witness/BlindnessRepresentation.v	165	Theorem	addressable	N	The statement does not assert a recorded-event property.
Kernel.BlindnessRepresentation.certification_is_lost	coq/kernel/witness/BlindnessRepresentation.v	194	Theorem	addressable	C	The statement fixes the VM certification flag, certificate address, or a fixed certification-carrying Thiele structure.
Kernel.BlindnessRepresentation.fiber_has_two_preimages	coq/kernel/witness/BlindnessRepresentation.v	238	Theorem	addressable	N	The statement does not assert a recorded-event property.
Kernel.BlindnessRepresentation.forget_kernel_is_eq_on_classical	coq/kernel/witness/BlindnessRepresentation.v	124	Theorem	addressable	N	The statement does not assert a recorded-event property.
Kernel.CHSH.KernelCHSH.local_strategy_chsh_between_neg2_2	coq/kernel/quantum/CHSH.v	191	Theorem	addressable	N	The statement does not assert a recorded-event property.
Kernel.CHSHCouplingBridge.chsh_violation_rules_out_locally_factorizable_coupling	coq/kernel/quantum/CHSHCouplingBridge.v	238	Theorem	addressable	N	The statement does not assert a recorded-event property.
Kernel.CHSHCouplingBridge.locally_consistent_classical_bound	coq/kernel/quantum/CHSHCouplingBridge.v	219	Theorem	addressable	N	The statement does not assert a recorded-event property.
Kernel.CHSHCouplingBridge.locally_consistent_gives_separable_coupling	coq/kernel/quantum/CHSHCouplingBridge.v	176	Theorem	addressable	N	The statement does not assert a recorded-event property.
Kernel.CHSHStatisticalBridge.chsh_stat_violation_not_local	coq/kernel/quantum/CHSHStatisticalBridge.v	226	Theorem	addressable	N	The statement does not assert a recorded-event property.
Kernel.CasperFFG.accountable_safety	coq/kernel/reductions/CasperFFG.v	342	Theorem	addressable	M	The statement concerns another named event or a fixed non-certification record model.
Kernel.CasperRecordReading.conflicting_records_are_priced	coq/kernel/reductions/CasperRecordReading.v	32	Theorem	addressable	M	The statement concerns another named event or a fixed non-certification record model.
Kernel.CasperRecordReading.finalization_without_slashing	coq/kernel/reductions/CasperRecordReading.v	50	Theorem	addressable	M	The statement concerns another named event or a fixed non-certification record model.
Kernel.CategoryBridge.categorical_extension_nofi_consistent	coq/kernel/category/CategoryBridge.v	312	Theorem	addressable	I	The statement classifies, counts, or preserves a named instruction or setter class rather than a state reading.
Kernel.CategoryBridge.graph_compose_morphisms_coupling	coq/kernel/category/CategoryBridge.v	73	Lemma	addressable	N	The statement does not assert a recorded-event property.
Kernel.CategoryBridge.morph_graph_compose_assoc	coq/kernel/category/CategoryBridge.v	146	Theorem	addressable	N	The statement does not assert a recorded-event property.
Kernel.CategoryBridge.morph_id_left_coupling	coq/kernel/category/CategoryBridge.v	194	Theorem	addressable	N	The statement does not assert a recorded-event property.
Kernel.CategoryBridge.morph_id_right_coupling	coq/kernel/category/CategoryBridge.v	206	Theorem	addressable	N	The statement does not assert a recorded-event property.
Kernel.CategoryLaws.relational_compose_assoc	coq/kernel/category/CategoryLaws.v	163	Theorem	addressable	N	The statement does not assert a recorded-event property.
Kernel.CategoryMonoidal.tensor_bifunctor	coq/kernel/category/CategoryMonoidal.v	90	Theorem	addressable	N	The statement does not assert a recorded-event property.
Kernel.ClassicalBound.classical_bound_achieved	coq/kernel/foundation/ClassicalBound.v	146	Theorem	addressable	N	The statement does not assert a recorded-event property.
Kernel.ClassicalConservativity.D3_conservativity	coq/kernel/foundation/ClassicalConservativity.v	204	Theorem	addressable	N	The statement does not assert a recorded-event property.
Kernel.CommitmentPredicateAdequacy.exact_commitment_pricing_characterization	coq/kernel/nfi/CommitmentPredicateAdequacy.v	342	Theorem	addressable	G	The statement quantifies an arbitrary event reading or record system; its explicit premises remain conditions.
Kernel.CommitmentPredicateAdequacy.substitution_test_rejects_non_a2_exact_substitute	coq/kernel/nfi/CommitmentPredicateAdequacy.v	401	Theorem	addressable	G	The statement quantifies an arbitrary event reading or record system; its explicit premises remain conditions.
Kernel.CommitmentVsErasure.commitment_cost_not_reducible_to_erasure_cost	coq/kernel/nfi/CommitmentVsErasure.v	132	Theorem	addressable	G	The statement quantifies an arbitrary event reading or record system; its explicit premises remain conditions.
Kernel.ConstructivePSD.quadratic_nonneg_discriminant	coq/kernel/quantum/ConstructivePSD.v	338	Lemma	addressable	N	The statement does not assert a recorded-event property.
Kernel.CostFrameworks.a2_and_aara_iff_exact	coq/kernel/nfi/CostFrameworks.v	91	Theorem	addressable	G	The statement quantifies an arbitrary event reading or record system; its explicit premises remain conditions.
Kernel.CostFrameworks.flips_le_cost	coq/kernel/nfi/CostFrameworks.v	126	Theorem	addressable	G	The statement quantifies an arbitrary event reading or record system; its explicit premises remain conditions.
Kernel.CostFrameworks.run_graded_is_run	coq/kernel/nfi/CostFrameworks.v	60	Theorem	addressable	N	The statement does not assert a recorded-event property.
Kernel.CostSemanticsComparison.a2_iff_nonnegative_amortized_cost	coq/kernel/nfi/CostSemanticsComparison.v	120	Theorem	addressable	G	The statement quantifies an arbitrary event reading or record system; its explicit premises remain conditions.
Kernel.CostSemanticsComparison.certification_system_is_potential_method	coq/kernel/nfi/CostSemanticsComparison.v	155	Corollary	addressable	G	The statement quantifies an arbitrary event reading or record system; its explicit premises remain conditions.
Kernel.CostSemanticsComparison.nfi_by_potential	coq/kernel/nfi/CostSemanticsComparison.v	141	Theorem	addressable	G	The statement quantifies an arbitrary event reading or record system; its explicit premises remain conditions.
Kernel.CostSemanticsComparison.run_writer_is_run_and_cost	coq/kernel/nfi/CostSemanticsComparison.v	91	Theorem	addressable	N	The statement does not assert a recorded-event property.
Kernel.DimensionalGapTheorem.dimensional_gap_forces_constant	coq/kernel/thermodynamic/DimensionalGapTheorem.v	104	Theorem	addressable	N	The statement does not assert a recorded-event property.
Kernel.DiscreteGaussBonnet.discrete_gauss_bonnet	coq/kernel/curvature/DiscreteGaussBonnet.v	288	Theorem	addressable	N	The statement does not assert a recorded-event property.
Kernel.EVMStorageGas.persistent_write_priced	coq/kernel/reductions/EVMStorageGas.v	114	Theorem	addressable	M	The statement concerns another named event or a fixed non-certification record model.
Kernel.EVMStorageGas.revoked_write_nearly_free	coq/kernel/reductions/EVMStorageGas.v	126	Theorem	addressable	M	The statement concerns another named event or a fixed non-certification record model.
Kernel.EinsteinEmergence.einstein_emerges	coq/kernel/curvature/EinsteinEmergence.v	300	Theorem	addressable	N	The statement does not assert a recorded-event property.
Kernel.EinsteinEquations4D.einstein_equation_vacuum	coq/kernel/curvature/EinsteinEquations4D.v	651	Theorem	addressable	N	The statement does not assert a recorded-event property.
Kernel.EinsteinEquationsFull.full_efe_uniform_two_vertex	coq/kernel/curvature/EinsteinEquationsFull.v	286	Theorem	addressable	N	The statement does not assert a recorded-event property.
Kernel.ElliptopeCompletion.beyond_classical_elliptope	coq/kernel/quantum/ElliptopeCompletion.v	440	Theorem	addressable	N	The statement does not assert a recorded-event property.
Kernel.ElliptopeCompletion.classical_tightness_witness_elliptope	coq/kernel/quantum/ElliptopeCompletion.v	345	Corollary	addressable	N	The statement does not assert a recorded-event property.
Kernel.ElliptopeCompletion.deterministic_strategy_elliptope	coq/kernel/quantum/ElliptopeCompletion.v	302	Theorem	addressable	N	The statement does not assert a recorded-event property.
Kernel.ElliptopeCompletion.elliptope_convex	coq/kernel/quantum/ElliptopeCompletion.v	402	Theorem	addressable	N	The statement does not assert a recorded-event property.
Kernel.ElliptopeCompletion.elliptope_finite_mixture	coq/kernel/quantum/ElliptopeCompletion.v	560	Theorem	addressable	N	The statement does not assert a recorded-event property.
Kernel.ElliptopeCompletion.elliptope_tsirelson	coq/kernel/quantum/ElliptopeCompletion.v	181	Theorem	addressable	N	The statement does not assert a recorded-event property.
Kernel.ElliptopeCompletion.elliptope_zero	coq/kernel/quantum/ElliptopeCompletion.v	540	Lemma	addressable	N	The statement does not assert a recorded-event property.
Kernel.ElliptopeCompletion.lhv_mixture_elliptope	coq/kernel/quantum/ElliptopeCompletion.v	661	Corollary	addressable	N	The statement does not assert a recorded-event property.
Kernel.ElliptopeCompletion.pr_box_not_elliptope	coq/kernel/quantum/ElliptopeCompletion.v	289	Theorem	addressable	N	The statement does not assert a recorded-event property.
Kernel.ElliptopeCompletion.psd_cauchy_schwarz	coq/kernel/quantum/ElliptopeCompletion.v	157	Lemma	addressable	N	The statement does not assert a recorded-event property.
Kernel.ElliptopeCompletion.turing_point_elliptope	coq/kernel/quantum/ElliptopeCompletion.v	358	Theorem	addressable	N	The statement does not assert a recorded-event property.
Kernel.ElliptopeGate.elliptope_check_full_sound	coq/kernel/quantum/ElliptopeGate.v	747	Theorem	addressable	N	The statement does not assert a recorded-event property.
Kernel.ElliptopeGate.elliptope_full_gate_never_accepts_pr_box	coq/kernel/quantum/ElliptopeGate.v	835	Theorem	addressable	N	The statement does not assert a recorded-event property.
Kernel.ElliptopeGate.elliptope_ldl_check_sound	coq/kernel/quantum/ElliptopeGate.v	489	Lemma	addressable	N	The statement does not assert a recorded-event property.
Kernel.ElliptopeGate.gate_accepts_all_ones	coq/kernel/quantum/ElliptopeGate.v	776	Example	addressable	N	The statement does not assert a recorded-event property.
Kernel.ElliptopeGate.gate_accepts_beyond_classical	coq/kernel/quantum/ElliptopeGate.v	794	Example	addressable	N	The statement does not assert a recorded-event property.
Kernel.ElliptopeGate.gate_accepts_pythagorean_boundary	coq/kernel/quantum/ElliptopeGate.v	829	Example	addressable	N	The statement does not assert a recorded-event property.
Kernel.ElliptopeGate.gate_accepts_turing_point	coq/kernel/quantum/ElliptopeGate.v	787	Example	addressable	N	The statement does not assert a recorded-event property.
Kernel.F1_StrongForm.F1_physical_premises_incompatible	coq/kernel/frontier/F1_StrongForm.v	139	Theorem	addressable	N	The statement does not assert a recorded-event property.
Kernel.F1_StrongForm.F1_strong_form_universal	coq/kernel/frontier/F1_StrongForm.v	77	Theorem	addressable	G	The statement quantifies an arbitrary event reading or record system; its explicit premises remain conditions.
Kernel.F3_MuLaplacianSum.total_mu_laplacian_zero	coq/kernel/frontier/F3_MuLaplacianSum.v	341	Theorem	addressable	N	The statement does not assert a recorded-event property.
Kernel.F3_PartitionTopologyCrossLink.F3_partition_topology_mu_cross_link	coq/kernel/frontier/F3_PartitionTopologyCrossLink.v	184	Theorem	addressable	N	The statement does not assert a recorded-event property.
Kernel.F3_PartitionTopologyCrossLink.pi_times_unit_is_nonzero	coq/kernel/frontier/F3_PartitionTopologyCrossLink.v	210	Theorem	addressable	N	The statement does not assert a recorded-event property.
Kernel.F3_PartitionTopologyCrossLink.strong_bridge_counterexample	coq/kernel/frontier/F3_PartitionTopologyCrossLink.v	105	Lemma	addressable	N	The statement does not assert a recorded-event property.
Kernel.F3_PartitionTopologyCrossLink.unit_residual_is_nonzero	coq/kernel/frontier/F3_PartitionTopologyCrossLink.v	201	Theorem	addressable	N	The statement does not assert a recorded-event property.
Kernel.FiniteCertMachine.fcertify_merges	coq/kernel/nfi/FiniteCertMachine.v	175	Theorem	addressable	C	The statement fixes the VM certification flag, certificate address, or a fixed certification-carrying Thiele structure.
Kernel.FiniteCertMachine.fiber_bound_compression	coq/kernel/nfi/FiniteCertMachine.v	64	Lemma	addressable	N	The statement does not assert a recorded-event property.
Kernel.FiniteCertMachine.fin_a2_from_compression_price	coq/kernel/nfi/FiniteCertMachine.v	225	Theorem	addressable	C	The statement fixes the VM certification flag, certificate address, or a fixed certification-carrying Thiele structure.
Kernel.FiniteCertMachine.fin_a2_from_merging_price	coq/kernel/nfi/FiniteCertMachine.v	219	Theorem	addressable	C	The statement fixes the VM certification flag, certificate address, or a fixed certification-carrying Thiele structure.
Kernel.FiniteCertMachine.fin_compression_priced	coq/kernel/nfi/FiniteCertMachine.v	210	Theorem	addressable	N	The statement does not assert a recorded-event property.
Kernel.FiniteCertMachine.fin_finite	coq/kernel/nfi/FiniteCertMachine.v	155	Theorem	addressable	N	The statement does not assert a recorded-event property.
Kernel.FiniteCertMachine.fin_merging_priced	coq/kernel/nfi/FiniteCertMachine.v	186	Theorem	addressable	N	The statement does not assert a recorded-event property.
Kernel.FiniteCertMachine.fin_permanent	coq/kernel/nfi/FiniteCertMachine.v	162	Theorem	addressable	C	The statement fixes the VM certification flag, certificate address, or a fixed certification-carrying Thiele structure.
Kernel.FiniteCertMachine.fjump_merges	coq/kernel/nfi/FiniteCertMachine.v	180	Theorem	addressable	N	The statement does not assert a recorded-event property.
Kernel.FiniteCertMachine.fnext_injective	coq/kernel/nfi/FiniteCertMachine.v	169	Theorem	addressable	N	The statement does not assert a recorded-event property.
Kernel.FiniteCertMachine.vm_certify_merges	coq/kernel/nfi/FiniteCertMachine.v	372	Theorem	addressable	C	The statement fixes the VM certification flag, certificate address, or a fixed certification-carrying Thiele structure.
Kernel.FiniteCertMachine.vm_certifying_step_is_priced_merge	coq/kernel/nfi/FiniteCertMachine.v	382	Theorem	addressable	C	The statement fixes the VM certification flag, certificate address, or a fixed certification-carrying Thiele structure.
Kernel.FiniteCertMachine.vm_fragment_certification_paid	coq/kernel/nfi/FiniteCertMachine.v	302	Theorem	addressable	C	The statement fixes the VM certification flag, certificate address, or a fixed certification-carrying Thiele structure.
Kernel.FiniteCertMachine.vm_jump_is_free_merge	coq/kernel/nfi/FiniteCertMachine.v	395	Theorem	addressable	N	The statement does not assert a recorded-event property.
Kernel.FiniteCertMachine.vm_pays_finite_price	coq/kernel/nfi/FiniteCertMachine.v	265	Theorem	addressable	N	The statement does not assert a recorded-event property.
Kernel.FiniteCertMachine.vm_prices_certifying_merge_leaves_others_free	coq/kernel/nfi/FiniteCertMachine.v	408	Theorem	addressable	C	The statement fixes the VM certification flag, certificate address, or a fixed certification-carrying Thiele structure.
Kernel.FiniteCertMachine.vm_runs_finite_machine	coq/kernel/nfi/FiniteCertMachine.v	254	Theorem	addressable	N	The statement does not assert a recorded-event property.
Kernel.FiniteCertMachine.vm_runs_finite_trace	coq/kernel/nfi/FiniteCertMachine.v	286	Theorem	addressable	N	The statement does not assert a recorded-event property.
Kernel.GasMetering.gas_schedule_exactness	coq/kernel/reductions/GasMetering.v	106	Theorem	addressable	G	The statement quantifies an arbitrary event reading or record system; its explicit premises remain conditions.
Kernel.GasMetering.overcharge_breaks_exactness	coq/kernel/reductions/GasMetering.v	177	Theorem	addressable	G	The statement quantifies an arbitrary event reading or record system; its explicit premises remain conditions.
Kernel.GasMetering.thiele_unit_price_lower_bounds_mu	coq/kernel/reductions/GasMetering.v	376	Theorem	addressable	C	The statement fixes the VM certification flag, certificate address, or a fixed certification-carrying Thiele structure.
Kernel.GasMetering.thiele_vm_commit_pricing_is_exact	coq/kernel/reductions/GasMetering.v	357	Theorem	addressable	C	The statement fixes the VM certification flag, certificate address, or a fixed certification-carrying Thiele structure.
Kernel.GasMetering.undercharged_opcode_admits_free_commitment	coq/kernel/reductions/GasMetering.v	130	Theorem	addressable	G	The statement quantifies an arbitrary event reading or record system; its explicit premises remain conditions.
Kernel.GenRealizability.column_contractive_iff_general_realizable	coq/kernel/quantum/GenRealizability.v	182	Corollary	addressable	N	The statement does not assert a recorded-event property.
Kernel.HardwareBisimulation.complete_verification_chain	coq/kernel/hardware_bridge/HardwareBisimulation.v	228	Theorem	addressable	N	The statement does not assert a recorded-event property.
Kernel.HardwareBisimulation.hardware_synthesis_correctness	coq/kernel/hardware_bridge/HardwareBisimulation.v	315	Theorem	addressable	N	The statement does not assert a recorded-event property.
Kernel.HardwareBisimulation.hw_bisimulation_multi_step	coq/kernel/hardware_bridge/HardwareBisimulation.v	184	Theorem	addressable	N	The statement does not assert a recorded-event property.
Kernel.HardwareBisimulation.hw_bisimulation_step	coq/kernel/hardware_bridge/HardwareBisimulation.v	155	Theorem	addressable	N	The statement does not assert a recorded-event property.
Kernel.HardwareBisimulation.hw_mu_cost_consistency	coq/kernel/hardware_bridge/HardwareBisimulation.v	201	Corollary	addressable	N	The statement does not assert a recorded-event property.
Kernel.HardwareBisimulation.hw_step_reflects_vm_cost	coq/kernel/hardware_bridge/HardwareBisimulation.v	254	Theorem	addressable	N	The statement does not assert a recorded-event property.
Kernel.HardwareBisimulation.mu_accumulation_monotonic	coq/kernel/hardware_bridge/HardwareBisimulation.v	293	Lemma	addressable	N	The statement does not assert a recorded-event property.
Kernel.HonestCostTracking.free_forgery_violates_A2	coq/kernel/nfi/HonestCostTracking.v	131	Theorem	addressable	G	The statement quantifies an arbitrary event reading or record system; its explicit premises remain conditions.
Kernel.HonestCostTracking.honest_cost_tracking_strict_restriction	coq/kernel/nfi/HonestCostTracking.v	99	Theorem	addressable	G	The statement quantifies an arbitrary event reading or record system; its explicit premises remain conditions.
Kernel.HonestNoFI_TheoremsWithoutAssumptions.b4_information_reduction_derives_strict_predicates	coq/kernel/nfi/HonestNoFI_TheoremsWithoutAssumptions.v	67	Theorem	addressable	N	The statement does not assert a recorded-event property.
Kernel.HonestNoFI_TheoremsWithoutAssumptions.every_sound_structural_shortcut_lands_here	coq/kernel/nfi/HonestNoFI_TheoremsWithoutAssumptions.v	552	Theorem	addressable	N	The statement does not assert a recorded-event property.
Kernel.HonestNoFI_TheoremsWithoutAssumptions.sound_shortcut_from_components	coq/kernel/nfi/HonestNoFI_TheoremsWithoutAssumptions.v	637	Lemma	addressable	N	The statement does not assert a recorded-event property.
Kernel.HonestNoFI_TheoremsWithoutAssumptions.structural_entitlement_representation	coq/kernel/nfi/HonestNoFI_TheoremsWithoutAssumptions.v	120	Theorem	addressable	N	The statement does not assert a recorded-event property.
Kernel.InformationGainToStrengthening.feasible_strict_subset_implies_strict_predicates	coq/kernel/nfi/InformationGainToStrengthening.v	100	Theorem	addressable	N	The statement does not assert a recorded-event property.
Kernel.InsightTaxonomy.structural_trace_preserves_cert_addr	coq/kernel/nfi/InsightTaxonomy.v	251	Theorem	addressable	I	The statement classifies, counts, or preserves a named instruction or setter class rather than a state reading.
Kernel.KernelNoether.vm_step_mu_monotonic	coq/kernel/curvature/KernelNoether.v	338	Theorem	addressable	N	The statement does not assert a recorded-event property.
Kernel.KernelNoether.vm_step_orbit_equiv	coq/kernel/curvature/KernelNoether.v	613	Lemma	addressable	N	The statement does not assert a recorded-event property.
Kernel.KernelNoether.z_action_composition	coq/kernel/curvature/KernelNoether.v	194	Theorem	addressable	N	The statement does not assert a recorded-event property.
Kernel.KernelNoether.z_action_identity	coq/kernel/curvature/KernelNoether.v	144	Theorem	addressable	N	The statement does not assert a recorded-event property.
Kernel.KernelNoether.z_action_inverse	coq/kernel/curvature/KernelNoether.v	241	Theorem	addressable	N	The statement does not assert a recorded-event property.
Kernel.KnowledgeNarrowing.demon_machine_spread_kept	coq/kernel/nfi/KnowledgeNarrowing.v	285	Theorem	addressable	M	The statement concerns another named event or a fixed non-certification record model.
Kernel.KnowledgeNarrowing.observer_narrowing_can_be_free	coq/kernel/nfi/KnowledgeNarrowing.v	291	Theorem	addressable	M	The statement concerns another named event or a fixed non-certification record model.
Kernel.KnowledgeNarrowing.run_narrowing_priced_log	coq/kernel/nfi/KnowledgeNarrowing.v	126	Theorem	addressable	M	The statement concerns another named event or a fixed non-certification record model.
Kernel.KnowledgeNarrowing.vm_observer_narrowing_at_zero_cost	coq/kernel/nfi/KnowledgeNarrowing.v	314	Theorem	addressable	M	The statement concerns another named event or a fixed non-certification record model.
Kernel.KnowledgeNarrowing.wipe_costs_at_least_one	coq/kernel/nfi/KnowledgeNarrowing.v	262	Theorem	addressable	M	The statement concerns another named event or a fixed non-certification record model.
Kernel.KnowledgeNarrowingMinimal.demon_refutes_incremental	coq/kernel/nfi/KnowledgeNarrowingMinimal.v	30	Theorem	addressable	M	The statement concerns another named event or a fixed non-certification record model.
Kernel.KnowledgeNarrowingMinimal.free_incremental_narrowing_with_three	coq/kernel/nfi/KnowledgeNarrowingMinimal.v	71	Theorem	addressable	M	The statement concerns another named event or a fixed non-certification record model.
Kernel.KnowledgeNarrowingMinimal.no_free_incremental_narrowing_below_three	coq/kernel/nfi/KnowledgeNarrowingMinimal.v	131	Theorem	addressable	M	The statement concerns another named event or a fixed non-certification record model.
Kernel.LRecursion.L_halting_undecidable	coq/kernel/foundation/LRecursion.v	658	Theorem	addressable	N	The statement does not assert a recorded-event property.
Kernel.LRecursion.L_recursion_theorem	coq/kernel/foundation/LRecursion.v	517	Theorem	addressable	N	The statement does not assert a recorded-event property.
Kernel.LRecursion.L_rice	coq/kernel/foundation/LRecursion.v	590	Theorem	addressable	N	The statement does not assert a recorded-event property.
Kernel.LRecursion.L_structural_shortcut_undecidable	coq/kernel/foundation/LRecursion.v	615	Theorem	addressable	N	The statement does not assert a recorded-event property.
Kernel.LRecursion.Q_spec	coq/kernel/foundation/LRecursion.v	444	Lemma	addressable	N	The statement does not assert a recorded-event property.
Kernel.LRecursion.second_recursion	coq/kernel/foundation/LRecursion.v	489	Theorem	addressable	N	The statement does not assert a recorded-event property.
Kernel.LandauerDerivation.total_irreversible_bits_le_cost	coq/kernel/nfi/LandauerDerivation.v	240	Lemma	addressable	M	The statement concerns another named event or a fixed non-certification record model.
Kernel.MinorConstraints.local_box_CHSH_bound	coq/kernel/quantum/MinorConstraints.v	647	Theorem	addressable	N	The statement does not assert a recorded-event property.
Kernel.MuComplexity.sat_separation_ratio_unbounded	coq/kernel/mu_calculus/MuComplexity.v	219	Theorem	addressable	N	The statement does not assert a recorded-event property.
Kernel.MuComplexity.zero_mu_traces_satisfy_preservation_budget	coq/kernel/mu_calculus/MuComplexity.v	88	Theorem	addressable	N	The statement does not assert a recorded-event property.
Kernel.MuCostDerivation.lassert_cost_from_component_floors	coq/kernel/mu_calculus/MuCostDerivation.v	389	Theorem	addressable	I	The statement classifies, counts, or preserves a named instruction or setter class rather than a state reading.
Kernel.MuCostDerivation.lassert_cost_is_its_formula	coq/kernel/mu_calculus/MuCostDerivation.v	421	Theorem	addressable	I	The statement classifies, counts, or preserves a named instruction or setter class rather than a state reading.
Kernel.MuGravity.calibration_residual_zero_iff	coq/kernel/curvature/MuGravity.v	742	Lemma	addressable	N	The statement does not assert a recorded-event property.
Kernel.MuHierarchyTheorem.executed_instruction_cost_recorded	coq/kernel/mu_calculus/MuHierarchyTheorem.v	151	Lemma	addressable	N	The statement does not assert a recorded-event property.
Kernel.MuHierarchyTheorem.ledger_sum_contains_lower_bound	coq/kernel/mu_calculus/MuHierarchyTheorem.v	166	Lemma	addressable	N	The statement does not assert a recorded-event property.
Kernel.MuHierarchyTheorem.level_k_certification_cost_floor	coq/kernel/mu_calculus/MuHierarchyTheorem.v	185	Theorem	addressable	N	The statement does not assert a recorded-event property.
Kernel.MuHierarchyTheorem.mu_hierarchy_no_upper_bound	coq/kernel/mu_calculus/MuHierarchyTheorem.v	267	Corollary	addressable	I	The statement classifies, counts, or preserves a named instruction or setter class rather than a state reading.
Kernel.MuHierarchyTheorem.mu_hierarchy_theorem	coq/kernel/mu_calculus/MuHierarchyTheorem.v	229	Theorem	addressable	I	The statement classifies, counts, or preserves a named instruction or setter class rather than a state reading.
Kernel.MuInitiality.instruction_consistent_measure_equals_mu	coq/kernel/mu_calculus/MuInitiality.v	323	Theorem	addressable	N	The statement does not assert a recorded-event property.
Kernel.MuInitiality.mu_accumulates_trace_cost	coq/kernel/mu_calculus/MuInitiality.v	137	Lemma	addressable	N	The statement does not assert a recorded-event property.
Kernel.MuInitiality.mu_initiality	coq/kernel/mu_calculus/MuInitiality.v	313	Theorem	addressable	N	The statement does not assert a recorded-event property.
Kernel.MuInitiality.mu_is_initial_monotone	coq/kernel/mu_calculus/MuInitiality.v	201	Theorem	addressable	N	The statement does not assert a recorded-event property.
Kernel.MuInitiality.mu_is_universal	coq/kernel/mu_calculus/MuInitiality.v	302	Theorem	addressable	N	The statement does not assert a recorded-event property.
Kernel.MuLedgerConservation.run_vm_mu_conservation	coq/kernel/foundation/MuLedgerConservation.v	309	Corollary	addressable	N	The statement does not assert a recorded-event property.
Kernel.MuLedgerConservation.vm_apply_mu	coq/kernel/foundation/MuLedgerConservation.v	74	Lemma	addressable	N	The statement does not assert a recorded-event property.
Kernel.MuLedgerQuantumBridge.column_contractive_check_witness_sound	coq/kernel/nfi/MuLedgerQuantumBridge.v	846	Lemma	addressable	N	The statement does not assert a recorded-event property.
Kernel.MuLedgerQuantumBridge.npa_psd_implies_tsirelson_bound	coq/kernel/nfi/MuLedgerQuantumBridge.v	1340	Theorem	addressable	N	The statement does not assert a recorded-event property.
Kernel.MuLedgerQuantumBridge.state_column_contractive_implies_npa_gram	coq/kernel/nfi/MuLedgerQuantumBridge.v	1147	Theorem	addressable	N	The statement does not assert a recorded-event property.
Kernel.MuLedgerQuantumBridge.state_column_contractive_implies_tsirelson	coq/kernel/nfi/MuLedgerQuantumBridge.v	1365	Theorem	addressable	N	The statement does not assert a recorded-event property.
Kernel.MuLedgerQuantumBridge.zero_marginal_npa_column_contractive_implies_psd	coq/kernel/nfi/MuLedgerQuantumBridge.v	517	Lemma	addressable	N	The statement does not assert a recorded-event property.
Kernel.MuShannonBridge.exists_covering_tree	coq/kernel/mu_calculus/MuShannonBridge.v	1069	Theorem	addressable	N	The statement does not assert a recorded-event property.
Kernel.MuShannonBridge.fibered_reduction_implies_tree_cover	coq/kernel/mu_calculus/MuShannonBridge.v	662	Theorem	addressable	N	The statement does not assert a recorded-event property.
Kernel.MuShannonBridge.info_priced_arbitrary_feasible_reduction_bound	coq/kernel/mu_calculus/MuShannonBridge.v	813	Theorem	addressable	N	The statement does not assert a recorded-event property.
Kernel.MuShannonBridge.info_priced_cert_executions_bound	coq/kernel/mu_calculus/MuShannonBridge.v	236	Theorem	addressable	I	The statement classifies, counts, or preserves a named instruction or setter class rather than a state reading.
Kernel.MuShannonBridge.info_priced_reduction_no_tree_hypothesis	coq/kernel/mu_calculus/MuShannonBridge.v	1103	Theorem	addressable	N	The statement does not assert a recorded-event property.
Kernel.MuShannonBridge.info_priced_weighted_feasible_reduction_bound	coq/kernel/mu_calculus/MuShannonBridge.v	844	Theorem	addressable	N	The statement does not assert a recorded-event property.
Kernel.MuShannonBridge.observation_partition_reduction_implies_posterior_representative_reduction	coq/kernel/mu_calculus/MuShannonBridge.v	697	Theorem	addressable	N	The statement does not assert a recorded-event property.
Kernel.NatSubstrateInstance.nat_recursion_theorem	coq/kernel/foundation/NatSubstrateInstance.v	135	Lemma	addressable	N	The statement does not assert a recorded-event property.
Kernel.NatSubstrateInstance.nat_self_undecidable	coq/kernel/foundation/NatSubstrateInstance.v	252	Corollary	addressable	N	The statement does not assert a recorded-event property.
Kernel.NatSubstrateInstance.nat_structural_shortcut_undecidable	coq/kernel/foundation/NatSubstrateInstance.v	229	Theorem	addressable	N	The statement does not assert a recorded-event property.
Kernel.NecessityAbstract.P_full_complete_neither_mu_nor_cert_droppable	coq/kernel/nfi/NecessityAbstract.v	760	Corollary	addressable	C	The statement fixes the VM certification flag, certificate address, or a fixed certification-carrying Thiele structure.
Kernel.NecessityAbstract.cert_model_mu_necessity	coq/kernel/nfi/NecessityAbstract.v	471	Theorem	addressable	N	The statement does not assert a recorded-event property.
Kernel.NecessityAbstract.cost_model_cert_necessity	coq/kernel/nfi/NecessityAbstract.v	396	Theorem	addressable	C	The statement fixes the VM certification flag, certificate address, or a fixed certification-carrying Thiele structure.
Kernel.NecessityAbstract.graph_not_recoverable_from_P_full	coq/kernel/nfi/NecessityAbstract.v	806	Theorem	addressable	N	The statement does not assert a recorded-event property.
Kernel.NecessityAbstract.mu_ledger_minimality	coq/kernel/nfi/NecessityAbstract.v	708	Theorem	addressable	C	The statement fixes the VM certification flag, certificate address, or a fixed certification-carrying Thiele structure.
Kernel.NecessityAbstract.mu_ledger_mutual_independence	coq/kernel/nfi/NecessityAbstract.v	495	Theorem	addressable	C	The statement fixes the VM certification flag, certificate address, or a fixed certification-carrying Thiele structure.
Kernel.NecessityAbstract.thiele_state_three_component_independence	coq/kernel/nfi/NecessityAbstract.v	841	Theorem	addressable	C	The statement fixes the VM certification flag, certificate address, or a fixed certification-carrying Thiele structure.
Kernel.NecessityAbstract.turing_ram_cert_necessity	coq/kernel/nfi/NecessityAbstract.v	312	Theorem	addressable	C	The statement fixes the VM certification flag, certificate address, or a fixed certification-carrying Thiele structure.
Kernel.NecessityAbstract.turing_ram_mu_necessity	coq/kernel/nfi/NecessityAbstract.v	300	Theorem	addressable	N	The statement does not assert a recorded-event property.
Kernel.NoCloning.no_cloning_bloch	coq/kernel/quantum/NoCloning.v	214	Theorem	addressable	N	The statement does not assert a recorded-event property.
Kernel.NoCloning.no_cloning_from_conservation	coq/kernel/quantum/NoCloning.v	73	Theorem	addressable	N	The statement does not assert a recorded-event property.
Kernel.NoCloning.unitary_cannot_clone	coq/kernel/quantum/NoCloning.v	307	Theorem	addressable	N	The statement does not assert a recorded-event property.
Kernel.NoFIToEinstein.nfi_to_discrete_einstein_from_pnew_bekenstein_calibration	coq/kernel/curvature/NoFIToEinstein.v	168	Theorem	addressable	N	The statement does not assert a recorded-event property.
Kernel.NoFIToEinstein.nfi_to_discrete_einstein_from_psplit_bekenstein_calibration	coq/kernel/curvature/NoFIToEinstein.v	131	Theorem	addressable	N	The statement does not assert a recorded-event property.
Kernel.NoFreeInsight.NoFreeInsight.strengthening_requires_structure_addition	coq/kernel/nfi/NoFreeInsight.v	345	Theorem	addressable	N	The statement does not assert a recorded-event property.
Kernel.NonAdaptiveLowerBound.non_adaptive_factored_sat_4_k_lower_bound	coq/kernel/nfi/NonAdaptiveLowerBound.v	211	Theorem	addressable	N	The statement does not assert a recorded-event property.
Kernel.NonAdaptiveLowerBound.non_adaptive_sat_lower_bound	coq/kernel/nfi/NonAdaptiveLowerBound.v	156	Theorem	addressable	N	The statement does not assert a recorded-event property.
Kernel.OCamlExtractionBridge.ocaml_observable_nofi_and_monotone	coq/kernel/hardware_bridge/OCamlExtractionBridge.v	207	Theorem	addressable	N	The statement does not assert a recorded-event property.
Kernel.OCamlExtractionBridge.ocaml_runner_observable_defined	coq/kernel/hardware_bridge/OCamlExtractionBridge.v	167	Lemma	addressable	N	The statement does not assert a recorded-event property.
Kernel.ObservationPolicy.calibrated_model_exists_iff_positive_cost	coq/kernel/frontier/ObservationPolicy.v	90	Theorem	addressable	I	The statement classifies, counts, or preserves a named instruction or setter class rather than a state reading.
Kernel.ObservationPolicy.decoding_requires_fiber_constancy	coq/kernel/frontier/ObservationPolicy.v	13	Theorem	addressable	N	The statement does not assert a recorded-event property.
Kernel.ObservationPolicy.joint_floor_is_least	coq/kernel/frontier/ObservationPolicy.v	43	Theorem	addressable	I	The statement classifies, counts, or preserves a named instruction or setter class rather than a state reading.
Kernel.ObservationPolicy.selected_representatives_give_decoder	coq/kernel/frontier/ObservationPolicy.v	23	Theorem	addressable	N	The statement does not assert a recorded-event property.
Kernel.ObservationPolicy.zero_cost_vm_jump_has_injective_history_lift	coq/kernel/frontier/ObservationPolicy.v	156	Theorem	addressable	N	The statement does not assert a recorded-event property.
Kernel.PartitionRefinementNoFI.partition_free_but_certification_nonfree	coq/kernel/nfi/PartitionRefinementNoFI.v	199	Theorem	addressable	C	The statement fixes the VM certification flag, certificate address, or a fixed certification-carrying Thiele structure.
Kernel.PartitionRefinementNoFI.partition_refinement_nonfree	coq/kernel/nfi/PartitionRefinementNoFI.v	176	Theorem	addressable	C	The statement fixes the VM certification flag, certificate address, or a fixed certification-carrying Thiele structure.
Kernel.PartitionRefinementNoFI.partition_structural_ops_can_be_free	coq/kernel/nfi/PartitionRefinementNoFI.v	104	Theorem	addressable	I	The statement classifies, counts, or preserves a named instruction or setter class rather than a state reading.
Kernel.PartitionRefinementNoFI.partition_structural_ops_not_cert_setters	coq/kernel/nfi/PartitionRefinementNoFI.v	72	Theorem	addressable	I	The statement classifies, counts, or preserves a named instruction or setter class rather than a state reading.
Kernel.PartitionRefinementNoFI.partition_structural_trace_cannot_certify	coq/kernel/nfi/PartitionRefinementNoFI.v	136	Theorem	addressable	I	The statement classifies, counts, or preserves a named instruction or setter class rather than a state reading.
Kernel.PartitionSeparation.PartitionSeparation.categorical_separation	coq/kernel/foundation/PartitionSeparation.v	238	Theorem	addressable	N	The statement does not assert a recorded-event property.
Kernel.PartitionSeparation.PartitionSeparation.classical_observer_cannot_separate	coq/kernel/foundation/PartitionSeparation.v	342	Theorem	addressable	N	The statement does not assert a recorded-event property.
Kernel.PermanentCertification.a2_from_merging_price_and_permanence	coq/kernel/nfi/PermanentCertification.v	179	Theorem	addressable	G	The statement quantifies an arbitrary event reading or record system; its explicit premises remain conditions.
Kernel.PermanentCertification.commit_without_erasure_system_is_not_honest	coq/kernel/nfi/PermanentCertification.v	264	Theorem	addressable	M	The statement concerns another named event or a fixed non-certification record model.
Kernel.PermanentCertification.free_merge_escapes	coq/kernel/nfi/PermanentCertification.v	349	Theorem	addressable	M	The statement concerns another named event or a fixed non-certification record model.
Kernel.PermanentCertification.honest_erasure_accounting_implies_a2	coq/kernel/nfi/PermanentCertification.v	244	Theorem	addressable	G	The statement quantifies an arbitrary event reading or record system; its explicit premises remain conditions.
Kernel.PermanentCertification.permanent_certification_trace_floor	coq/kernel/nfi/PermanentCertification.v	216	Theorem	addressable	G	The statement quantifies an arbitrary event reading or record system; its explicit premises remain conditions.
Kernel.PermanentCertification.permanent_flip_is_not_injective	coq/kernel/nfi/PermanentCertification.v	107	Theorem	addressable	G	The statement quantifies an arbitrary event reading or record system; its explicit premises remain conditions.
Kernel.PermanentCertification.permanent_flips_collapse_at_least	coq/kernel/nfi/PermanentCertification.v	139	Theorem	addressable	G	The statement quantifies an arbitrary event reading or record system; its explicit premises remain conditions.
Kernel.PermanentCertification.priced_reset_satisfies_premises	coq/kernel/nfi/PermanentCertification.v	338	Theorem	addressable	M	The statement concerns another named event or a fixed non-certification record model.
Kernel.PermanentCertification.revocable_certificate_escapes	coq/kernel/nfi/PermanentCertification.v	308	Theorem	addressable	C	The statement fixes the VM certification flag, certificate address, or a fixed certification-carrying Thiele structure.
Kernel.PermanentCertification.unbounded_history_escapes	coq/kernel/nfi/PermanentCertification.v	294	Theorem	addressable	M	The statement concerns another named event or a fixed non-certification record model.
Kernel.PermanentCertificationEntropy.a2_from_entropy_price_and_permanence	coq/kernel/nfi/PermanentCertificationEntropy.v	780	Theorem	addressable	G	The statement quantifies an arbitrary event reading or record system; its explicit premises remain conditions.
Kernel.PermanentCertificationEntropy.entropy_drop_as_point_sum	coq/kernel/nfi/PermanentCertificationEntropy.v	523	Theorem	addressable	N	The statement does not assert a recorded-event property.
Kernel.PermanentCertificationEntropy.entropy_drop_nonneg	coq/kernel/nfi/PermanentCertificationEntropy.v	555	Theorem	addressable	N	The statement does not assert a recorded-event property.
Kernel.PermanentCertificationEntropy.entropy_drop_pos_of_support_merge	coq/kernel/nfi/PermanentCertificationEntropy.v	568	Theorem	addressable	N	The statement does not assert a recorded-event property.
Kernel.PermanentCertificationEntropy.entropy_le_log_support	coq/kernel/nfi/PermanentCertificationEntropy.v	151	Theorem	addressable	N	The statement does not assert a recorded-event property.
Kernel.PermanentCertificationEntropy.entropy_priced_trace_floor	coq/kernel/nfi/PermanentCertificationEntropy.v	981	Theorem	addressable	G	The statement quantifies an arbitrary event reading or record system; its explicit premises remain conditions.
Kernel.PermanentCertificationEntropy.known_state_flip_forces_no_heat	coq/kernel/nfi/PermanentCertificationEntropy.v	945	Theorem	addressable	N	The statement does not assert a recorded-event property.
Kernel.PermanentCertificationEntropy.known_state_step_removes_no_entropy	coq/kernel/nfi/PermanentCertificationEntropy.v	594	Theorem	addressable	N	The statement does not assert a recorded-event property.
Kernel.PermanentCertificationEntropy.permanent_flip_full_support_entropy_drop_positive	coq/kernel/nfi/PermanentCertificationEntropy.v	886	Theorem	addressable	G	The statement quantifies an arbitrary event reading or record system; its explicit premises remain conditions.
Kernel.PermanentCertificationEntropy.permanent_flip_full_support_heat_positive	coq/kernel/nfi/PermanentCertificationEntropy.v	919	Theorem	addressable	G	The statement quantifies an arbitrary event reading or record system; its explicit premises remain conditions.
Kernel.PermanentCertificationEntropy.permanent_flip_heat_floor	coq/kernel/nfi/PermanentCertificationEntropy.v	822	Theorem	addressable	G	The statement quantifies an arbitrary event reading or record system; its explicit premises remain conditions.
Kernel.PermanentCertificationEntropy.permanent_flip_heat_positive	coq/kernel/nfi/PermanentCertificationEntropy.v	851	Theorem	addressable	G	The statement quantifies an arbitrary event reading or record system; its explicit premises remain conditions.
Kernel.PermanentCertificationEntropy.permanent_flip_uniform_entropy_drop	coq/kernel/nfi/PermanentCertificationEntropy.v	727	Theorem	addressable	G	The statement quantifies an arbitrary event reading or record system; its explicit premises remain conditions.
Kernel.PermanentCertificationEntropy.permanent_step_entropy_ceiling	coq/kernel/nfi/PermanentCertificationEntropy.v	683	Theorem	addressable	G	The statement quantifies an arbitrary event reading or record system; its explicit premises remain conditions.
Kernel.PermanentCertificationEntropy.permanent_step_entropy_drop	coq/kernel/nfi/PermanentCertificationEntropy.v	709	Theorem	addressable	G	The statement quantifies an arbitrary event reading or record system; its explicit premises remain conditions.
Kernel.PermanentCertificationEntropy.step_entropy_invariant_if_injective	coq/kernel/nfi/PermanentCertificationEntropy.v	370	Theorem	addressable	N	The statement does not assert a recorded-event property.
Kernel.PermanentRecordPricing.a2_from_compression_price_and_permanence	coq/kernel/nfi/PermanentRecordPricing.v	159	Theorem	addressable	G	The statement quantifies an arbitrary event reading or record system; its explicit premises remain conditions.
Kernel.PermanentRecordPricing.compression_priced_trace_floor	coq/kernel/nfi/PermanentRecordPricing.v	201	Theorem	addressable	G	The statement quantifies an arbitrary event reading or record system; its explicit premises remain conditions.
Kernel.PermanentRecordPricing.flip_merges_or_revokes	coq/kernel/nfi/PermanentRecordPricing.v	336	Theorem	addressable	G	The statement quantifies an arbitrary event reading or record system; its explicit premises remain conditions.
Kernel.PermanentRecordPricing.forced_price_without_permanent_record	coq/kernel/nfi/PermanentRecordPricing.v	437	Theorem	addressable	M	The statement concerns another named event or a fixed non-certification record model.
Kernel.PermanentRecordPricing.forced_priced_iff_merges	coq/kernel/nfi/PermanentRecordPricing.v	386	Theorem	addressable	N	The statement does not assert a recorded-event property.
Kernel.PermanentRecordPricing.injective_flip_revokes	coq/kernel/nfi/PermanentRecordPricing.v	364	Corollary	addressable	G	The statement quantifies an arbitrary event reading or record system; its explicit premises remain conditions.
Kernel.PermanentRecordPricing.permanent_at_flip_is_not_injective	coq/kernel/nfi/PermanentRecordPricing.v	305	Theorem	addressable	G	The statement quantifies an arbitrary event reading or record system; its explicit premises remain conditions.
Kernel.PermanentRecordPricing.permanent_flips_compression_bound	coq/kernel/nfi/PermanentRecordPricing.v	89	Theorem	addressable	G	The statement quantifies an arbitrary event reading or record system; its explicit premises remain conditions.
Kernel.PermanentRecordPricing.permanent_flips_log_bound	coq/kernel/nfi/PermanentRecordPricing.v	136	Theorem	addressable	G	The statement quantifies an arbitrary event reading or record system; its explicit premises remain conditions.
Kernel.PermanentRecordPricing.permanent_record_write_is_forced_priced	coq/kernel/nfi/PermanentRecordPricing.v	403	Corollary	addressable	G	The statement quantifies an arbitrary event reading or record system; its explicit premises remain conditions.
Kernel.PermanentRecordPricing.quad_stamp_cost_two_is_priced	coq/kernel/nfi/PermanentRecordPricing.v	263	Theorem	addressable	M	The statement concerns another named event or a fixed non-certification record model.
Kernel.PermanentRecordPricing.quad_stamp_needs_two	coq/kernel/nfi/PermanentRecordPricing.v	273	Theorem	addressable	M	The statement concerns another named event or a fixed non-certification record model.
Kernel.PhysicsClosure.Physics_Closure	coq/kernel/curvature/PhysicsClosure.v	29	Theorem	addressable	N	The statement does not assert a recorded-event property.
Kernel.PoSFinality.nothing_at_stake_is_free_forgery	coq/kernel/reductions/PoSFinality.v	143	Theorem	addressable	M	The statement concerns another named event or a fixed non-certification record model.
Kernel.PoSFinality.slashing_finality_floor	coq/kernel/reductions/PoSFinality.v	219	Theorem	addressable	M	The statement concerns another named event or a fixed non-certification record model.
Kernel.PointerObservable.ReplicatedLedgerToy.toy_cert_unique_pointer	coq/kernel/frontier/PointerObservable.v	167	Theorem	addressable	M	The statement concerns another named event or a fixed non-certification record model.
Kernel.PointerObservableCounterexamples.DeniableAuthentication.deniable_authentication_model_not_proliferating	coq/kernel/frontier/PointerObservableCounterexamples.v	177	Theorem	addressable	M	The statement concerns another named event or a fixed non-certification record model.
Kernel.PointerObservableCounterexamples.ObjectCapability.capability_model_not_proliferating	coq/kernel/frontier/PointerObservableCounterexamples.v	274	Theorem	addressable	M	The statement concerns another named event or a fixed non-certification record model.
Kernel.PointerObservableCounterexamples.PublicLog.public_log_effort_not_proliferating	coq/kernel/frontier/PointerObservableCounterexamples.v	339	Theorem	addressable	M	The statement concerns another named event or a fixed non-certification record model.
Kernel.PointerObservableCounterexamples.PublicLog.public_log_model_proliferating	coq/kernel/frontier/PointerObservableCounterexamples.v	331	Theorem	addressable	M	The statement concerns another named event or a fixed non-certification record model.
Kernel.PointerObservableCounterexamples.SymmetricMAC.mac_model_not_proliferating	coq/kernel/frontier/PointerObservableCounterexamples.v	224	Theorem	addressable	M	The statement concerns another named event or a fixed non-certification record model.
Kernel.PointerObservableReductions.CT_model_unique_pointer	coq/kernel/frontier/PointerObservableReductions.v	203	Theorem	addressable	M	The statement concerns another named event or a fixed non-certification record model.
Kernel.PointerObservableReductions.Gas_model_unique_pointer	coq/kernel/frontier/PointerObservableReductions.v	163	Theorem	addressable	M	The statement concerns another named event or a fixed non-certification record model.
Kernel.PointerObservableReductions.PCC_model_unique_pointer	coq/kernel/frontier/PointerObservableReductions.v	222	Theorem	addressable	M	The statement concerns another named event or a fixed non-certification record model.
Kernel.PointerObservableReductions.PoS_model_unique_pointer	coq/kernel/frontier/PointerObservableReductions.v	144	Theorem	addressable	M	The statement concerns another named event or a fixed non-certification record model.
Kernel.PointerObservableReductions.TEE_model_unique_pointer	coq/kernel/frontier/PointerObservableReductions.v	183	Theorem	addressable	M	The statement concerns another named event or a fixed non-certification record model.
Kernel.PointerObservableReductions.five_labeled_models_have_selected_pointer	coq/kernel/frontier/PointerObservableReductions.v	263	Theorem	addressable	M	The statement concerns another named event or a fixed non-certification record model.
Kernel.PrimeAxiom.kernel_certified_implies_positive_mu	coq/kernel/nfi/PrimeAxiom.v	116	Theorem	addressable	C	The statement fixes the VM certification flag, certificate address, or a fixed certification-carrying Thiele structure.
Kernel.ProjectionNonExistence.cert_addr_not_function_of_forget	coq/kernel/witness/ProjectionNonExistence.v	209	Theorem	addressable	C	The statement fixes the VM certification flag, certificate address, or a fixed certification-carrying Thiele structure.
Kernel.ProjectionNonExistence.cert_not_function_of_forget	coq/kernel/witness/ProjectionNonExistence.v	159	Theorem	addressable	C	The statement fixes the VM certification flag, certificate address, or a fixed certification-carrying Thiele structure.
Kernel.ProjectionNonExistence.mu_not_function_of_bare_observable	coq/kernel/witness/ProjectionNonExistence.v	190	Theorem	addressable	N	The statement does not assert a recorded-event property.
Kernel.ProjectionNonExistence.no_classical_a2_cert_predicate	coq/kernel/witness/ProjectionNonExistence.v	250	Corollary	addressable	C	The statement fixes the VM certification flag, certificate address, or a fixed certification-carrying Thiele structure.
Kernel.ProjectionNonExistence.no_classical_cert_addr_predicate	coq/kernel/witness/ProjectionNonExistence.v	283	Corollary	addressable	C	The statement fixes the VM certification flag, certificate address, or a fixed certification-carrying Thiele structure.
Kernel.ProjectionNonExistence.no_classical_mu_separation_predicate	coq/kernel/witness/ProjectionNonExistence.v	267	Corollary	addressable	N	The statement does not assert a recorded-event property.
Kernel.ProofCarryingVerifier.bare_pcc_impossible	coq/kernel/reductions/ProofCarryingVerifier.v	269	Theorem	addressable	M	The statement concerns another named event or a fixed non-certification record model.
Kernel.ProofCarryingVerifier.level_k_verification_floor	coq/kernel/reductions/ProofCarryingVerifier.v	327	Theorem	addressable	I	The statement classifies, counts, or preserves a named instruction or setter class rather than a state reading.
Kernel.ProofCarryingVerifier.level_k_verification_floor_tight	coq/kernel/reductions/ProofCarryingVerifier.v	340	Corollary	addressable	I	The statement classifies, counts, or preserves a named instruction or setter class rather than a state reading.
Kernel.ProofCarryingVerifier.proof_rounds_escape	coq/kernel/reductions/ProofCarryingVerifier.v	223	Theorem	addressable	M	The statement concerns another named event or a fixed non-certification record model.
Kernel.ProperSubsumption.ProperSubsumption.thiele_simulates_turing	coq/kernel/foundation/ProperSubsumption.v	200	Theorem	addressable	N	The statement does not assert a recorded-event property.
Kernel.QuantumPartitionPSD.chsh_lassert_no_trap_implies_npa_psd	coq/kernel/quantum/QuantumPartitionPSD.v	369	Theorem	addressable	N	The statement does not assert a recorded-event property.
Kernel.QuantumPartitionPSD.column_contractive_iff_npa_psd	coq/kernel/quantum/QuantumPartitionPSD.v	257	Corollary	addressable	N	The statement does not assert a recorded-event property.
Kernel.QuantumPartitionPSD.npa_psd_implies_column_contractive	coq/kernel/quantum/QuantumPartitionPSD.v	134	Theorem	addressable	N	The statement does not assert a recorded-event property.
Kernel.QuantumPartitionPSD_1AB.chsh_lassert_1ab_no_trap_implies_npa_psd_q1ab	coq/kernel/quantum/QuantumPartitionPSD_1AB.v	1055	Theorem	addressable	N	The statement does not assert a recorded-event property.
Kernel.QuantumPartitionPSD_1AB.sym4_qf_nonneg_from_pd	coq/kernel/quantum/QuantumPartitionPSD_1AB.v	1862	Lemma	addressable	N	The statement does not assert a recorded-event property.
Kernel.RecordAxisDiscrimination.finite_reversible_cannot_write	coq/kernel/foundation/RecordAxisDiscrimination.v	143	Theorem	addressable	G	The statement quantifies an arbitrary event reading or record system; its explicit premises remain conditions.
Kernel.RecordAxisDiscrimination.history_latch_honest	coq/kernel/foundation/RecordAxisDiscrimination.v	117	Theorem	addressable	G	The statement quantifies an arbitrary event reading or record system; its explicit premises remain conditions.
Kernel.RecordAxisDiscrimination.history_latch_injective	coq/kernel/foundation/RecordAxisDiscrimination.v	96	Theorem	addressable	N	The statement does not assert a recorded-event property.
Kernel.RecordAxisDiscrimination.latch_core_honest	coq/kernel/foundation/RecordAxisDiscrimination.v	56	Theorem	addressable	G	The statement quantifies an arbitrary event reading or record system; its explicit premises remain conditions.
Kernel.RevelationRequirement.RevelationProof.nonlocal_correlation_requires_revelation	coq/kernel/nfi/RevelationRequirement.v	605	Theorem	addressable	I	The statement classifies, counts, or preserves a named instruction or setter class rather than a state reading.
Kernel.ShadowPricing.shadow_cannot_price_exactly	coq/kernel/nfi/ShadowPricing.v	78	Theorem	addressable	G	The statement quantifies an arbitrary event reading or record system; its explicit premises remain conditions.
Kernel.ShadowPricing.shadow_floor_overcharges	coq/kernel/nfi/ShadowPricing.v	65	Theorem	addressable	G	The statement quantifies an arbitrary event reading or record system; its explicit premises remain conditions.
Kernel.ShadowPricing.step_price_is_exact	coq/kernel/nfi/ShadowPricing.v	93	Theorem	addressable	G	The statement quantifies an arbitrary event reading or record system; its explicit premises remain conditions.
Kernel.ShadowPricing.vm_bare_observable_collision	coq/kernel/nfi/ShadowPricing.v	145	Theorem	addressable	N	The statement does not assert a recorded-event property.
Kernel.ShadowPricing.vm_bare_shadow_cannot_price_exactly	coq/kernel/nfi/ShadowPricing.v	163	Theorem	addressable	C	The statement fixes the VM certification flag, certificate address, or a fixed certification-carrying Thiele structure.
Kernel.ShadowPricing.vm_forget_collision	coq/kernel/nfi/ShadowPricing.v	154	Theorem	addressable	N	The statement does not assert a recorded-event property.
Kernel.ShadowPricing.vm_forget_shadow_cannot_price_exactly	coq/kernel/nfi/ShadowPricing.v	172	Theorem	addressable	C	The statement fixes the VM certification flag, certificate address, or a fixed certification-carrying Thiele structure.
Kernel.ShadowPricing.window_showing_reading_has_no_collision	coq/kernel/nfi/ShadowPricing.v	118	Theorem	addressable	G	The statement quantifies an arbitrary event reading or record system; its explicit premises remain conditions.
Kernel.ShadowPricing.window_showing_reading_prices_exactly	coq/kernel/nfi/ShadowPricing.v	100	Theorem	addressable	G	The statement quantifies an arbitrary event reading or record system; its explicit premises remain conditions.
Kernel.ShadowProjection.probe_preserves_graph_A	coq/kernel/witness/ShadowProjection.v	190	Lemma	addressable	N	The statement does not assert a recorded-event property.
Kernel.ShadowProjection.probe_preserves_graph_B	coq/kernel/witness/ShadowProjection.v	198	Lemma	addressable	N	The statement does not assert a recorded-event property.
Kernel.ShadowProjection.shadow_separation_theorem	coq/kernel/witness/ShadowProjection.v	221	Theorem	addressable	N	The statement does not assert a recorded-event property.
Kernel.ShadowProjection.shadow_strictly_lossy	coq/kernel/witness/ShadowProjection.v	282	Theorem	addressable	N	The statement does not assert a recorded-event property.
Kernel.SpacetimeEmergence.exec_trace_no_signaling_outside_cone	coq/kernel/curvature/SpacetimeEmergence.v	627	Lemma	addressable	N	The statement does not assert a recorded-event property.
Kernel.SpacetimeEmergence.vm_step_next_id_monotone	coq/kernel/curvature/SpacetimeEmergence.v	446	Lemma	addressable	N	The statement does not assert a recorded-event property.
Kernel.StateSpaceCounting.StateSpaceCounting.lassert_honest_cost	coq/kernel/foundation/StateSpaceCounting.v	257	Theorem	addressable	I	The statement classifies, counts, or preserves a named instruction or setter class rather than a state reading.
Kernel.StateSpaceCounting.StateSpaceCounting.lassert_honest_mu_cost	coq/kernel/foundation/StateSpaceCounting.v	274	Corollary	addressable	I	The statement classifies, counts, or preserves a named instruction or setter class rather than a state reading.
Kernel.StructuralAdvantageCertifiedShortcut.factored_n1_shortcut_lands_in_representation	coq/kernel/nfi/StructuralAdvantageCertifiedShortcut.v	334	Theorem	addressable	N	The statement does not assert a recorded-event property.
Kernel.StructuralAxisOrthogonality.structural_axis_invisible_to_classical	coq/kernel/nfi/StructuralAxisOrthogonality.v	140	Corollary	addressable	N	The statement does not assert a recorded-event property.
Kernel.StructuralAxisOrthogonality.structural_shortcut_not_function_of_classical	coq/kernel/nfi/StructuralAxisOrthogonality.v	121	Theorem	addressable	N	The statement does not assert a recorded-event property.
Kernel.StructuralAxisRelativization.axes_mutually_independent	coq/kernel/nfi/StructuralAxisRelativization.v	148	Theorem	addressable	N	The statement does not assert a recorded-event property.
Kernel.StructuralAxisRelativization.structural_axis_survives_any_classical_oracle	coq/kernel/nfi/StructuralAxisRelativization.v	61	Theorem	addressable	N	The statement does not assert a recorded-event property.
Kernel.StructuralAxisRelativization.structural_axis_survives_halting_oracle	coq/kernel/nfi/StructuralAxisRelativization.v	77	Corollary	addressable	N	The statement does not assert a recorded-event property.
Kernel.StructuralAxisRelativization.structural_membership_decidable	coq/kernel/nfi/StructuralAxisRelativization.v	173	Theorem	addressable	N	The statement does not assert a recorded-event property.
Kernel.StructuralCore.history_core_equiv_thiele	coq/kernel/foundation/StructuralCore.v	196	Theorem	addressable	N	The statement does not assert a recorded-event property.
Kernel.StructuralRecordAxis.clock_record_not_driven	coq/kernel/foundation/StructuralRecordAxis.v	119	Theorem	addressable	M	The statement concerns another named event or a fixed non-certification record model.
Kernel.StructuralRecordAxis.toggle_not_latch	coq/kernel/foundation/StructuralRecordAxis.v	86	Theorem	addressable	M	The statement concerns another named event or a fixed non-certification record model.
Kernel.StructuralRecordAxis.uniqueness_round4_holds	coq/kernel/foundation/StructuralRecordAxis.v	23	Theorem	addressable	G	The statement quantifies an arbitrary event reading or record system; its explicit premises remain conditions.
Kernel.StructuralRecordAxis.uniqueness_round4_pair_holds	coq/kernel/foundation/StructuralRecordAxis.v	36	Theorem	addressable	G	The statement quantifies an arbitrary event reading or record system; its explicit premises remain conditions.
Kernel.StructuralScheduleUniqueness.billed_core_equiv_mod_schedule	coq/kernel/foundation/StructuralScheduleUniqueness.v	64	Theorem	addressable	C	The statement fixes the VM certification flag, certificate address, or a fixed certification-carrying Thiele structure.
Kernel.StructuralScheduleUniqueness.surcharged_core_equiv_mod_schedule	coq/kernel/foundation/StructuralScheduleUniqueness.v	124	Theorem	addressable	C	The statement fixes the VM certification flag, certificate address, or a fixed certification-carrying Thiele structure.
Kernel.StructuralScheduleUniqueness.uniqueness_round3a_refuted	coq/kernel/foundation/StructuralScheduleUniqueness.v	203	Theorem	addressable	M	The statement concerns another named event or a fixed non-certification record model.
Kernel.StructuralScheduleUniqueness.uniqueness_round3b_holds	coq/kernel/foundation/StructuralScheduleUniqueness.v	35	Theorem	addressable	C	The statement fixes the VM certification flag, certificate address, or a fixed certification-carrying Thiele structure.
Kernel.StructuralUndecidability.structural_shortcut_undecidable	coq/kernel/nfi/StructuralUndecidability.v	123	Theorem	addressable	N	The statement does not assert a recorded-event property.
Kernel.StructuralUndecidability.vm_structural_shortcut_undecidable	coq/kernel/nfi/StructuralUndecidability.v	442	Theorem	addressable	N	The statement does not assert a recorded-event property.
Kernel.StructuralUniqueness.billed_core_adequate	coq/kernel/foundation/StructuralUniqueness.v	97	Theorem	addressable	C	The statement fixes the VM certification flag, certificate address, or a fixed certification-carrying Thiele structure.
Kernel.StructuralUniqueness.billed_core_honest_extension	coq/kernel/foundation/StructuralUniqueness.v	169	Theorem	addressable	C	The statement fixes the VM certification flag, certificate address, or a fixed certification-carrying Thiele structure.
Kernel.StructuralUniqueness.uniqueness_round1_refuted	coq/kernel/foundation/StructuralUniqueness.v	132	Theorem	addressable	C	The statement fixes the VM certification flag, certificate address, or a fixed certification-carrying Thiele structure.
Kernel.StructuralUniqueness.uniqueness_round2_refuted	coq/kernel/foundation/StructuralUniqueness.v	190	Theorem	addressable	C	The statement fixes the VM certification flag, certificate address, or a fixed certification-carrying Thiele structure.
Kernel.TEEAttestation.attestation_cannot_factor_through_bare_transcript	coq/kernel/reductions/TEEAttestation.v	172	Theorem	addressable	M	The statement concerns another named event or a fixed non-certification record model.
Kernel.TEEAttestation.measurement_enriched_attestation_succeeds	coq/kernel/reductions/TEEAttestation.v	325	Theorem	addressable	M	The statement concerns another named event or a fixed non-certification record model.
Kernel.TEEAttestation.replay_is_a_two_preimage_witness	coq/kernel/reductions/TEEAttestation.v	208	Theorem	addressable	M	The statement concerns another named event or a fixed non-certification record model.
Kernel.TPMQuoteGap.quote_cannot_attest_unmeasured_state	coq/kernel/reductions/TPMQuoteGap.v	94	Theorem	addressable	M	The statement concerns another named event or a fixed non-certification record model.
Kernel.TPMQuoteGap.quote_projection_faithful	coq/kernel/reductions/TPMQuoteGap.v	125	Lemma	addressable	M	The statement concerns another named event or a fixed non-certification record model.
Kernel.TPMQuoteGap.quote_runtime_verifier_separation	coq/kernel/reductions/TPMQuoteGap.v	145	Theorem	addressable	M	The statement concerns another named event or a fixed non-certification record model.
Kernel.ThermodynamicStructuralAdvantage.byte_inspector_must_read_every_byte	coq/kernel/nfi/ThermodynamicStructuralAdvantage.v	237	Theorem	addressable	M	The statement concerns another named event or a fixed non-certification record model.
Kernel.ThieleInitiality.thiele_morphism_unique_on_reachable	coq/kernel/nfi/ThieleInitiality.v	101	Corollary	addressable	N	The statement does not assert a recorded-event property.
Kernel.ThieleInitiality.thiele_trace_fold_initial	coq/kernel/nfi/ThieleInitiality.v	64	Theorem	addressable	N	The statement does not assert a recorded-event property.
Kernel.TraceStateDescent.certification_agreement_does_not_imply_descent	coq/kernel/frontier/TraceStateDescent.v	162	Theorem	addressable	C	The statement fixes the VM certification flag, certificate address, or a fixed certification-carrying Thiele structure.
Kernel.TraceStateDescent.reachable_simulation_exists_iff	coq/kernel/frontier/TraceStateDescent.v	94	Theorem	addressable	C	The statement fixes the VM certification flag, certificate address, or a fixed certification-carrying Thiele structure.
Kernel.TraceStateDescent.reachable_simulation_unique	coq/kernel/frontier/TraceStateDescent.v	105	Theorem	addressable	C	The statement fixes the VM certification flag, certificate address, or a fixed certification-carrying Thiele structure.
Kernel.TraceStateDescent.trace_descent_unique_value_iff	coq/kernel/frontier/TraceStateDescent.v	23	Theorem	addressable	N	The statement does not assert a recorded-event property.
Kernel.TransparencyLog.abstract_bare_verifier_impossible	coq/kernel/reductions/TransparencyLog.v	232	Theorem	addressable	M	The statement concerns another named event or a fixed non-certification record model.
Kernel.TransparencyLog.abstract_log_bit_verifier	coq/kernel/reductions/TransparencyLog.v	195	Theorem	addressable	M	The statement concerns another named event or a fixed non-certification record model.
Kernel.TransparencyLog.abstract_mu_collision_witness	coq/kernel/reductions/TransparencyLog.v	258	Theorem	addressable	M	The statement concerns another named event or a fixed non-certification record model.
Kernel.TsirelsonGeneral.cauchy_schwarz_chsh	coq/kernel/quantum/TsirelsonGeneral.v	51	Lemma	addressable	N	The statement does not assert a recorded-event property.
Kernel.TsirelsonGeneral.tsirelson_from_row_bounds	coq/kernel/quantum/TsirelsonGeneral.v	97	Theorem	addressable	N	The statement does not assert a recorded-event property.
Kernel.TuringClassicalEmbedding.D2_classical_shadow_preserved	coq/kernel/foundation/TuringClassicalEmbedding.v	445	Theorem	addressable	N	The statement does not assert a recorded-event property.
Kernel.TuringClassicalEmbedding.D2_faithfulness	coq/kernel/foundation/TuringClassicalEmbedding.v	99	Theorem	addressable	N	The statement does not assert a recorded-event property.
Kernel.TuringClassicalEmbedding.degenerate_projection_theorem	coq/kernel/foundation/TuringClassicalEmbedding.v	509	Theorem	addressable	N	The statement does not assert a recorded-event property.
Kernel.TuringClassicalEmbedding.shadow_proj_kernel_is_eq_on_classical_shadow	coq/kernel/foundation/TuringClassicalEmbedding.v	482	Theorem	addressable	N	The statement does not assert a recorded-event property.
Kernel.TuringStrictness.D4_strictness	coq/kernel/foundation/TuringStrictness.v	149	Theorem	addressable	N	The statement does not assert a recorded-event property.
Kernel.TuringStrictness.D5_thiele_strictly_extends_classical	coq/kernel/foundation/TuringStrictness.v	184	Theorem	addressable	N	The statement does not assert a recorded-event property.
Kernel.Unitarity.ball_trace_contract_from_premises	coq/kernel/quantum/Unitarity.v	178	Theorem	addressable	N	The statement does not assert a recorded-event property.
Kernel.Unitarity.lindblad_requires_mu	coq/kernel/quantum/Unitarity.v	215	Theorem	addressable	N	The statement does not assert a recorded-event property.
Kernel.Unitarity.nonunitary_requires_mu	coq/kernel/quantum/Unitarity.v	148	Theorem	addressable	N	The statement does not assert a recorded-event property.
Kernel.Unitarity.zero_cost_preserves_purity	coq/kernel/quantum/Unitarity.v	244	Theorem	addressable	N	The statement does not assert a recorded-event property.
Kernel.Unitarity.zero_cost_preserves_radius	coq/kernel/quantum/Unitarity.v	264	Theorem	addressable	N	The statement does not assert a recorded-event property.
Kernel.UniversalCertificationCost.thiele_morphism_exists	coq/kernel/nfi/UniversalCertificationCost.v	370	Theorem	addressable	N	The statement does not assert a recorded-event property.
Kernel.UniversalCertificationCost.thiele_morphism_unique_on_traces	coq/kernel/nfi/UniversalCertificationCost.v	384	Theorem	addressable	N	The statement does not assert a recorded-event property.
Kernel.UniversalCertificationCost.thiele_represents_simulating_cert_system	coq/kernel/nfi/UniversalCertificationCost.v	276	Theorem	addressable	C	The statement fixes the VM certification flag, certificate address, or a fixed certification-carrying Thiele structure.
Kernel.UniversalCertificationCost.thiele_universal_nfi_cert_addr	coq/kernel/nfi/UniversalCertificationCost.v	172	Theorem	addressable	C	The statement fixes the VM certification flag, certificate address, or a fixed certification-carrying Thiele structure.
Kernel.UniversalCertificationCost.thiele_universal_nfi_certified	coq/kernel/nfi/UniversalCertificationCost.v	205	Theorem	addressable	C	The statement fixes the VM certification flag, certificate address, or a fixed certification-carrying Thiele structure.
Kernel.UniversalCertificationCost.universal_nfi_any_substrate	coq/kernel/nfi/UniversalCertificationCost.v	100	Theorem	addressable	G	The statement quantifies an arbitrary event reading or record system; its explicit premises remain conditions.
Kernel.VMBoundedDecidability.vm_bounded_decider_flip_not_representable	coq/kernel/foundation/VMBoundedDecidability.v	38	Theorem	addressable	N	The statement does not assert a recorded-event property.
Kernel.VMBoundedDecidability.vm_bounded_shortcut_decide_correct	coq/kernel/foundation/VMBoundedDecidability.v	32	Theorem	addressable	N	The statement does not assert a recorded-event property.
Kernel.VMEncodedInputAccess.no_logic_acc_encoded_interpreter	coq/kernel/foundation/VMEncodedInputAccess.v	56	Theorem	addressable	N	The statement does not assert a recorded-event property.
Kernel.VMEncodedInputAccess.run_vm_logic_acc_commutes	coq/kernel/foundation/VMEncodedInputAccess.v	34	Lemma	addressable	N	The statement does not assert a recorded-event property.
Kernel.VMEncodedInputAccess.vm_apply_logic_acc_commutes	coq/kernel/foundation/VMEncodedInputAccess.v	23	Lemma	addressable	N	The statement does not assert a recorded-event property.
Kernel.VMInstructionEncoding.nat_to_program_program_to_nat	coq/kernel/foundation/VMInstructionEncoding.v	628	Theorem	addressable	N	The statement does not assert a recorded-event property.
Kernel.VMSelfGuest.g_step_is_vm_apply_u	coq/kernel/foundation/VMSelfGuest.v	530	Theorem	addressable	N	The statement does not assert a recorded-event property.
Kernel.VMSelfGuest.g_width_fits	coq/kernel/foundation/VMSelfGuest.v	470	Theorem	addressable	N	The statement does not assert a recorded-event property.
Kernel.VMSelfRiceUndec.g_decides_decidable	coq/kernel/foundation/VMSelfRiceUndec.v	107	Theorem	addressable	N	The statement does not assert a recorded-event property.
Kernel.VMSelfRiceUndec.self_rice	coq/kernel/foundation/VMSelfRiceUndec.v	27	Theorem	addressable	N	The statement does not assert a recorded-event property.
Kernel.VMSelfRiceUndec.self_rice_representable	coq/kernel/foundation/VMSelfRiceUndec.v	134	Corollary	addressable	N	The statement does not assert a recorded-event property.
Kernel.VMSelfRun.self_interpreter_complete	coq/kernel/foundation/VMSelfRun.v	190	Theorem	addressable	N	The statement does not assert a recorded-event property.
Kernel.VMSelfRun.self_interpreter_correct	coq/kernel/foundation/VMSelfRun.v	244	Theorem	addressable	N	The statement does not assert a recorded-event property.
Kernel.VMSelfRun.self_interpreter_divergence	coq/kernel/foundation/VMSelfRun.v	264	Theorem	addressable	N	The statement does not assert a recorded-event property.
Kernel.VMSelfRun.self_interpreter_malformed	coq/kernel/foundation/VMSelfRun.v	334	Theorem	addressable	N	The statement does not assert a recorded-event property.
Kernel.VMSelfRun.self_interpreter_sound	coq/kernel/foundation/VMSelfRun.v	208	Theorem	addressable	N	The statement does not assert a recorded-event property.
Kernel.VMState.graph_certify_morphism_lookup	coq/kernel/foundation/VMState.v	397	Lemma	addressable	N	The statement does not assert a recorded-event property.
Kernel.VMSubstrateEncoded.vm_structural_shortcut_undecidable_encoded	coq/kernel/nfi/VMSubstrateEncoded.v	72	Theorem	addressable	N	The statement does not assert a recorded-event property.
Kernel.VMUnboundedCM2Bridge.mm2_halting_host_iff	coq/kernel/foundation/VMUnboundedCM2Bridge.v	176	Theorem	addressable	N	The statement does not assert a recorded-event property.
Kernel.VMUnboundedCM2Bridge.mm2_termination_guest_iff	coq/kernel/foundation/VMUnboundedCM2Bridge.v	146	Theorem	addressable	N	The statement does not assert a recorded-event property.
Kernel.VMUnboundedCM2Correctness.cm2_uniform_interpreter_divergence_total	coq/kernel/foundation/VMUnboundedCM2Correctness.v	344	Theorem	addressable	N	The statement does not assert a recorded-event property.
Kernel.VMUnboundedCM2Correctness.cm2_uniform_interpreter_raw_correct_total	coq/kernel/foundation/VMUnboundedCM2Correctness.v	504	Theorem	addressable	N	The statement does not assert a recorded-event property.
Kernel.VMUnboundedCM2Correctness.cm2_uniform_interpreter_raw_never_malformed	coq/kernel/foundation/VMUnboundedCM2Correctness.v	525	Theorem	addressable	N	The statement does not assert a recorded-event property.
Kernel.VMUnboundedCM2Correctness.cm2_uniform_interpreter_simulation_total	coq/kernel/foundation/VMUnboundedCM2Correctness.v	316	Theorem	addressable	N	The statement does not assert a recorded-event property.
Kernel.VMUnboundedCM2Limitative.actual_unbounded_host_synthetic_undecidability	coq/kernel/foundation/VMUnboundedCM2Limitative.v	17	Theorem	addressable	N	The statement does not assert a recorded-event property.
Kernel.VMUnboundedExec.vm_halts_at_deterministic	coq/kernel/foundation/VMUnboundedExec.v	56	Lemma	addressable	N	The statement does not assert a recorded-event property.
Kernel.VMWord64BoundednessObstruction.state_64bit_bounded_step	coq/kernel/foundation/VMWord64BoundednessObstruction.v	216	Theorem	addressable	N	The statement does not assert a recorded-event property.
Kernel.VerificationCostSeparation.free_world_honesty_verifier_must_inspect_every_cert_position	coq/kernel/nfi/VerificationCostSeparation.v	323	Theorem	addressable	M	The statement concerns another named event or a fixed non-certification record model.
Kernel.VerificationCostSeparation.thiele_honesty_O_1_witness	coq/kernel/nfi/VerificationCostSeparation.v	128	Theorem	addressable	M	The statement concerns another named event or a fixed non-certification record model.
Kernel.VerificationCostSeparation.verification_cost_gap_omega_T	coq/kernel/nfi/VerificationCostSeparation.v	419	Theorem	addressable	M	The statement concerns another named event or a fixed non-certification record model.
Kernel.WitnessInsightGeneral.certified_witness_insight_nonfree	coq/kernel/witness/WitnessInsightGeneral.v	127	Theorem	addressable	C	The statement fixes the VM certification flag, certificate address, or a fixed certification-carrying Thiele structure.
Kernel.WitnessInsightGeneral.chsh_trial_is_tier0	coq/kernel/witness/WitnessInsightGeneral.v	103	Theorem	addressable	I	The statement classifies, counts, or preserves a named instruction or setter class rather than a state reading.
Kernel.WitnessInsightGeneral.chsh_trial_preserves_cert_addr	coq/kernel/witness/WitnessInsightGeneral.v	80	Lemma	addressable	I	The statement classifies, counts, or preserves a named instruction or setter class rather than a state reading.
Kernel.WitnessInsightGeneral.chsh_trial_preserves_vm_certified	coq/kernel/witness/WitnessInsightGeneral.v	91	Lemma	addressable	I	The statement classifies, counts, or preserves a named instruction or setter class rather than a state reading.
Kernel.WitnessInsightGeneral.no_free_certification_certified_trace_mu	coq/kernel/witness/WitnessInsightGeneral.v	182	Lemma	addressable	C	The statement fixes the VM certification flag, certificate address, or a fixed certification-carrying Thiele structure.
Kernel.WitnessInsightGeneral.nonlocal_witness_insight_nonfree	coq/kernel/witness/WitnessInsightGeneral.v	154	Theorem	addressable	C	The statement fixes the VM certification flag, certificate address, or a fixed certification-carrying Thiele structure.
Kernel.WitnessInsightGeneral.witness_insight_complete_taxonomy	coq/kernel/witness/WitnessInsightGeneral.v	235	Theorem	addressable	I	The statement classifies, counts, or preserves a named instruction or setter class rather than a state reading.
Kernel.WitnessInsightGeneral.witness_insight_nonfree_general	coq/kernel/witness/WitnessInsightGeneral.v	219	Theorem	addressable	C	The statement fixes the VM certification flag, certificate address, or a fixed certification-carrying Thiele structure.
Kernel.WitnessPreservationImpossibility.no_classical_certification_decider	coq/kernel/witness/WitnessPreservationImpossibility.v	120	Theorem	addressable	C	The statement fixes the VM certification flag, certificate address, or a fixed certification-carrying Thiele structure.
NecessityOfMuLedger.mu_ledger_necessity	coq/NecessityOfMuLedger.v	493	Theorem	addressable	C	The statement fixes the VM certification flag, certificate address, or a fixed certification-carrying Thiele structure.
NecessityOfMuLedger.mu_ledger_necessity_universal	coq/NecessityOfMuLedger.v	688	Theorem	addressable	C	The statement fixes the VM certification flag, certificate address, or a fixed certification-carrying Thiele structure.
NecessityOfMuLedger.po1_trace_necessity	coq/NecessityOfMuLedger.v	710	Theorem	addressable	I	The statement classifies, counts, or preserves a named instruction or setter class rather than a state reading.
NecessityOfMuLedger.shadow_mu_delta_universal	coq/NecessityOfMuLedger.v	814	Theorem	addressable	N	The statement does not assert a recorded-event property.
NecessityOfMuLedger.shadow_mu_inevitable	coq/NecessityOfMuLedger.v	878	Theorem	addressable	N	The statement does not assert a recorded-event property.
NecessityOfMuLedger.shadow_mu_is_computation_intrinsic	coq/NecessityOfMuLedger.v	801	Theorem	addressable	N	The statement does not assert a recorded-event property.
NecessityOfMuLedger.shadow_mu_unique_accounting	coq/NecessityOfMuLedger.v	851	Theorem	addressable	N	The statement does not assert a recorded-event property.
NecessityOfMuLedger.vm_apply_certify_strict_shadow	coq/NecessityOfMuLedger.v	222	Lemma	addressable	I	The statement classifies, counts, or preserves a named instruction or setter class rather than a state reading.
NecessityOfMuLedger.vm_apply_pnew_strict_shadow	coq/NecessityOfMuLedger.v	235	Lemma	addressable	I	The statement classifies, counts, or preserves a named instruction or setter class rather than a state reading.
NecessityOfMuLedger.vm_certified_not_classically_determined	coq/NecessityOfMuLedger.v	579	Theorem	addressable	C	The statement fixes the VM certification flag, certificate address, or a fixed certification-carrying Thiele structure.
NecessityOfMuLedger.vm_mu_not_classically_determined	coq/NecessityOfMuLedger.v	513	Theorem	addressable	N	The statement does not assert a recorded-event property.
NoFI.Instance_Kernel.KernelNoFI.Certified_spec	coq/nofi/Instance_Kernel.v	70	Lemma	addressable	C	The statement fixes the VM certification flag, certificate address, or a fixed certification-carrying Thiele structure.
NoFI.Instance_Kernel.KernelNoFI.trace_run_mu_monotone	coq/nofi/Instance_Kernel.v	87	Lemma	addressable	N	The statement does not assert a recorded-event property.
NoFI.MuChaitinTheory_Theorem.MuChaitinTheory.mu_info_nat_le_from_mu_budget	coq/nofi/MuChaitinTheory_Theorem.v	53	Lemma	functor	N	The statement does not assert a recorded-event property.
NoFI.MuChaitinTheory_Theorem.MuChaitinTheory.proves_bits_bounded_by_description	coq/nofi/MuChaitinTheory_Theorem.v	68	Theorem	functor	I	The statement classifies, counts, or preserves a named instruction or setter class rather than a state reading.
NoFI.MuChaitinTheory_Theorem.MuChaitinTheory.supra_cert_run_implies_paid_payload	coq/nofi/MuChaitinTheory_Theorem.v	39	Lemma	functor	I	The statement classifies, counts, or preserves a named instruction or setter class rather than a state reading.
NoFI.NoFreeInsight_Theorem.NoFreeInsight.no_free_insight	coq/nofi/NoFreeInsight_Theorem.v	14	Theorem	functor	G	The statement quantifies an arbitrary event reading or record system; its explicit premises remain conditions.
Physics.DiscreteModel.pair_update_involutive	coq/physics/DiscreteModel.v	70	Lemma	addressable	N	The statement does not assert a recorded-event property.
Physics.DiscreteModel.particle_count_cons	coq/physics/DiscreteModel.v	36	Lemma	addressable	N	The statement does not assert a recorded-event property.
Physics.DiscreteModel.particle_count_swap	coq/physics/DiscreteModel.v	74	Lemma	addressable	N	The statement does not assert a recorded-event property.
Physics.DissipativeModel.dissipative_energy_nonincreasing	coq/physics/DissipativeModel.v	37	Lemma	addressable	N	The statement does not assert a recorded-event property.
Physics.DissipativeModel.dissipative_energy_strict_when_hot	coq/physics/DissipativeModel.v	45	Lemma	addressable	N	The statement does not assert a recorded-event property.
Physics.DissipativeModel.dissipative_step_energy_zero	coq/physics/DissipativeModel.v	30	Lemma	addressable	N	The statement does not assert a recorded-event property.
Physics.PreregSplit.PreregSplit.split_tail_app	coq/physics/PreregSplit.v	33	Lemma	addressable	N	The statement does not assert a recorded-event property.
Physics.PreregSplit.PreregSplit.split_tail_lengths	coq/physics/PreregSplit.v	43	Lemma	addressable	N	The statement does not assert a recorded-event property.
Physics.PreregSplit.PreregSplit.split_tail_test_length_exact	coq/physics/PreregSplit.v	51	Lemma	addressable	N	The statement does not assert a recorded-event property.
Physics.TriangularLattice.coord_of_id_in_bounds	coq/physics/TriangularLattice.v	132	Lemma	addressable	N	The statement does not assert a recorded-event property.
Physics.TriangularLattice.coord_of_id_lattice_id	coq/physics/TriangularLattice.v	113	Lemma	addressable	N	The statement does not assert a recorded-event property.
Physics.TriangularLattice.lattice_id_coord_of_id	coq/physics/TriangularLattice.v	97	Lemma	addressable	N	The statement does not assert a recorded-event property.
Physics.WaveModel.map2_length	coq/physics/WaveModel.v	21	Lemma	addressable	N	The statement does not assert a recorded-event property.
Physics.WaveModel.rotate_left_length	coq/physics/WaveModel.v	68	Lemma	addressable	N	The statement does not assert a recorded-event property.
Physics.WaveModel.sum_list_app	coq/physics/WaveModel.v	50	Lemma	addressable	N	The statement does not assert a recorded-event property.
PhysicsConditionalClosure.master_tsirelson_conditional	coq/PhysicsConditionalClosure.v	53	Theorem	addressable	N	The statement does not assert a recorded-event property.
ReceiptTheorem.ReceiptTheorem	coq/ReceiptTheorem.v	26	Theorem	addressable	N	The statement does not assert a recorded-event property.
Spacetime.Spacetime.spacetime_is_self_referential	coq/spacetime/Spacetime.v	146	Lemma	addressable	N	The statement does not assert a recorded-event property.
Spacetime.Spacetime.spacetime_meta_properties	coq/spacetime/Spacetime.v	200	Lemma	addressable	N	The statement does not assert a recorded-event property.
Spacetime.Spacetime.spacetime_requires_metalevel	coq/spacetime/Spacetime.v	166	Theorem	addressable	N	The statement does not assert a recorded-event property.
Tests.ClaimBoundaryRegression.full_vm_f1_premises_incompatible	coq/tests/ClaimBoundaryRegression.v	62	Theorem	addressable	N	The statement does not assert a recorded-event property.
Tests.ClaimBoundaryRegression.receipt_encoding_roundtrip	coq/tests/ClaimBoundaryRegression.v	27	Theorem	addressable	N	The statement does not assert a recorded-event property.
Tests.TestNecessity.w_decreasing_empty_FAILS	coq/tests/TestNecessity.v	57	Lemma	addressable	N	The statement does not assert a recorded-event property.
Tests.TestNecessity.w_privileged_empty	coq/tests/TestNecessity.v	84	Lemma	addressable	N	The statement does not assert a recorded-event property.
Tests.TestNecessity.w_privileged_sequential_REALLY_FAILS	coq/tests/TestNecessity.v	91	Lemma	addressable	N	The statement does not assert a recorded-event property.
Thermodynamic.LandauerDerived.erasure_additive	coq/thermodynamic/LandauerDerived.v	316	Lemma	addressable	M	The statement concerns another named event or a fixed non-certification record model.
Thermodynamic.LandauerDerived.erasure_decreases_entropy	coq/thermodynamic/LandauerDerived.v	160	Lemma	addressable	M	The statement concerns another named event or a fixed non-certification record model.
Thermodynamic.LandauerDerived.erasure_irreversible	coq/thermodynamic/LandauerDerived.v	135	Theorem	addressable	M	The statement concerns another named event or a fixed non-certification record model.
Thermodynamic.LandauerDerived.fan_in_pos	coq/thermodynamic/LandauerDerived.v	90	Lemma	addressable	N	The statement does not assert a recorded-event property.
Thermodynamic.LandauerDerived.landauer_information_bound	coq/thermodynamic/LandauerDerived.v	192	Theorem	addressable	M	The statement concerns another named event or a fixed non-certification record model.
Thermodynamic.LandauerDerived.num_states_pos	coq/thermodynamic/LandauerDerived.v	50	Lemma	addressable	N	The statement does not assert a recorded-event property.
Thermodynamic.ThermodynamicBridge.mu_additive	coq/thermodynamic/ThermodynamicBridge.v	177	Theorem	addressable	N	The statement does not assert a recorded-event property.
Thermodynamic.ThermodynamicBridge.mu_nonnegative	coq/thermodynamic/ThermodynamicBridge.v	160	Theorem	addressable	N	The statement does not assert a recorded-event property.
ThieleManifold.PhysicsIsomorphism.reversible_embedding_zero_irreversibility	coq/thiele_manifold/PhysicsIsomorphism.v	121	Lemma	addressable	M	The statement concerns another named event or a fixed non-certification record model.
ThieleManifold.PhysicsIsomorphism.reversible_trace_irreversibility_count_zero	coq/thiele_manifold/PhysicsIsomorphism.v	94	Lemma	addressable	M	The statement concerns another named event or a fixed non-certification record model.
ThieleManifold.PhysicsIsomorphism.reversible_trace_ledger_sum_zero	coq/thiele_manifold/PhysicsIsomorphism.v	108	Lemma	addressable	M	The statement concerns another named event or a fixed non-certification record model.
ThieleManifold.ThieleManifold.canonical_base_dim	coq/thiele_manifold/ThieleManifold.v	73	Lemma	addressable	N	The statement does not assert a recorded-event property.
ThieleManifold.ThieleManifold.canonical_level_reasoning	coq/thiele_manifold/ThieleManifold.v	69	Lemma	addressable	N	The statement does not assert a recorded-event property.
ThieleManifold.ThieleManifold.canonical_level_strict	coq/thiele_manifold/ThieleManifold.v	63	Lemma	addressable	N	The statement does not assert a recorded-event property.
ThieleManifold.ThieleManifold.mu_cost_positive_for_projection	coq/thiele_manifold/ThieleManifold.v	186	Lemma	addressable	N	The statement does not assert a recorded-event property.
ThieleManifold.ThieleManifoldBridge.thiele_self_reference_true	coq/thiele_manifold/ThieleManifoldBridge.v	56	Lemma	addressable	N	The statement does not assert a recorded-event property.
ThieleManifold.ThieleManifoldBridge.thiele_sentence_of_true	coq/thiele_manifold/ThieleManifoldBridge.v	68	Lemma	addressable	N	The statement does not assert a recorded-event property.
ThieleManifold.ThieleManifoldBridge.thiele_system_self_referential	coq/thiele_manifold/ThieleManifoldBridge.v	80	Lemma	addressable	N	The statement does not assert a recorded-event property.
VerifierEscape_Hardness.commitment_contract_verifier	coq/VerifierEscape_Hardness.v	79	Theorem	addressable	M	The statement concerns another named event or a fixed non-certification record model.
VerifierEscape_Hardness.honest_commitments_satisfy_contract	coq/VerifierEscape_Hardness.v	105	Theorem	addressable	M	The statement concerns another named event or a fixed non-certification record model.
VerifierEscape_Hardness.unchecked_bit_violates_contract	coq/VerifierEscape_Hardness.v	122	Theorem	addressable	M	The statement concerns another named event or a fixed non-certification record model.
VerifierEscape_Interaction.interactive_escape_succeeds	coq/VerifierEscape_Interaction.v	100	Theorem	addressable	M	The statement concerns another named event or a fixed non-certification record model.
VerifierEscape_Substrate.substrate_escape_succeeds	coq/VerifierEscape_Substrate.v	162	Theorem	addressable	M	The statement concerns another named event or a fixed non-certification record model.
VerifierExhaustiveness.V_does_not_factor_through_classical	coq/VerifierExhaustiveness.v	82	Theorem	addressable	M	The statement concerns another named event or a fixed non-certification record model.
VerifierImpossibility.bare_setting_no_sound_complete_verifier	coq/VerifierImpossibility.v	117	Theorem	addressable	M	The statement concerns another named event or a fixed non-certification record model.
