logical_identity	target_name	predicted_outcome	outcome	result_name	assumptions	definitional	built_in	vacuity	swap	adversarial	wrong_prediction	note
Kernel.AbstractNoFI.certification_requires_positive_mu	generalized_step_mu	REFUTED	REFUTED	item1_2_result_01	closed	no: the lower bound is stronger than latchability	no: latchability contains no price premise	pass: eg_graph_reading is latchable and zero-cost PNEW writes it	fail: graph allocation swaps for certification and defeats the bound	PASS: the zero-cost PNEW graph event refutes the exact universal target; this does not challenge the original certification theorem.	no	The zero-cost PNEW graph event is a closed counterexample.
Kernel.AbstractNoFI.no_free_certification	generalized_step_price	REFUTED	REFUTED	item1_2_result_02	closed	no: the price floor is not a restatement	no: no event-price premise is supplied	pass: eg_graph_reading and PNEW form the witness	fail: the swapped graph event is free	PASS: the zero-cost PNEW graph event refutes the exact universal target; this does not challenge the original certification theorem.	no	The instruction-cost conclusion evaluates to zero for the witness.
Kernel.AbstractNoFI.no_free_certification_certified	generalized_step_price	REFUTED	REFUTED	item1_2_result_03	closed	no: the price floor is not a definition	no: latchability alone does not price writers	pass: eg_graph_reading and PNEW satisfy the antecedent	fail: swapping certification for graph allocation changes the result	PASS: the zero-cost PNEW graph event refutes the exact universal target; this does not challenge the original certification theorem.	no	Shares the exact closed graph countermodel with result 02.
Kernel.AbstractNoFI.no_free_certification_mu	generalized_step_mu	REFUTED	REFUTED	item1_2_result_04	closed	no: mu growth is additional content	no: no mu premise occurs in latchability	pass: zero-cost PNEW writes eg_graph_reading	fail: the graph event has no mu rise	PASS: the zero-cost PNEW graph event refutes the exact universal target; this does not challenge the original certification theorem.	no	The VM ledger equality reduces the proposed lower bound to zero at least one.
Kernel.AbstractNoFI.no_free_certification_trace_mu	generalized_trace_mu	REFUTED	REFUTED	item1_2_result_05	closed	no: the trace bound is not definitional	no: the trace contains no required priced event	pass: the singleton zero-cost PNEW trace writes eg_graph_reading	fail: graph allocation defeats the certification-specific trace result	PASS: the zero-cost PNEW graph event refutes the exact universal target; this does not challenge the original certification theorem.	no	A singleton trace lifts the one-step counterexample.
Kernel.AbstractNoFI.thiele_nfi_pc_indexed	generalized_trace_writer	PROVED	PROVED	item1_2_result_06	closed	no: locating a writer requires induction over the trace	no: latchability is unused but the endpoint change is not the conclusion	pass: eg_graph_reading and singleton PNEW satisfy the trace premise	pass: the proof is parametric in E and names no opcode	CAUTION: exact target proved, but this is a generic Boolean-change list lemma and does not make the witness state a reachable trace prefix.	no	The proof finds the first false-to-true boundary in any sequential fold.
Kernel.BlindnessRepresentation.certification_is_lost	generalized_forget_hidden	REFUTED	REFUTED	item1_2_result_07	closed	no: hiddenness is a factorization impossibility	no: the projection may retain data defining another event	pass: eg_mu_reading is latchable and is visible in the forget projection	fail: swapping to the mu-threshold event makes a decoder possible	PASS: the mu-threshold event is recoverable from forget, refuting only the universal arbitrary-event claim.	no	The forget projection explicitly carries vm_mu.
Kernel.FiniteCertMachine.fcertify_merges	generalized_finite_writer_merge	PROVED	PROVED	item1_2_result_08	closed	no: noninjectivity follows from finiteness and permanence	no: step noninjectivity is not a premise	pass: the original finite certification reading is latchable	pass: the proof quantifies over every finite-state latchable E	PASS: exact finite-state consequence under explicit permanence, finiteness, and fixed-price premises; no broader VM claim follows.	no	Finite pigeonhole reasoning is independent of the event name.
Kernel.FiniteCertMachine.fin_a2_from_compression_price	generalized_finite_a2_from_compression_price	PROVED	PROVED	item1_2_result_09	closed	no: A2 is derived from compression pricing and permanence	partial: compression pricing is a fixed model premise	pass: the original finite certification reading witnesses the premise	pass: only the supplied reading and permanence are used	PASS: exact finite-state consequence under explicit permanence, finiteness, and fixed-price premises; no broader VM claim follows.	no	The existing finite compression theorem instantiates directly.
Kernel.FiniteCertMachine.fin_a2_from_merging_price	generalized_finite_a2_from_merging_price	PROVED	PROVED	item1_2_result_10	closed	no: A2 is derived rather than repeated	partial: merging pricing is fixed in the finite model	pass: the original finite certification reading is latchable	pass: the proof is parametric in the finite reading	PASS: exact finite-state consequence under explicit permanence, finiteness, and fixed-price premises; no broader VM claim follows.	no	The fixed finite price schedule supplies the price premise.
Kernel.FiniteCertMachine.fin_permanent	generalized_finite_permanent	PROVED	PROVED	item1_2_result_11	closed	yes: permanence is the first conjunct of freading_latchable	yes: the requested conclusion is required at the door	pass: the original finite certification reading satisfies freading_latchable	pass but hollow: arbitrary E is projected from its premise	HOLLOW: the target restates the permanence conjunct of freading_latchable.	no	Formally proved but not a substantive new theorem.
Kernel.FiniteCertMachine.vm_certify_merges	generalized_vm_writer_merge	REFUTED	REFUTED	item1_2_result_12	closed	no: writer noninjectivity is additional content	no: latchability does not constrain injectivity	pass: eg_mu_reading is latchable and a cost-one checkpoint writes it	fail: the checkpoint writer is injective	PASS: an injective checkpoint writer refutes the exact universal merge claim.	no	Fieldwise equality proves checkpoint injectivity.
Kernel.FiniteCertMachine.vm_certifying_step_is_priced_merge	generalized_vm_priced_merge_bundle	REFUTED	REFUTED	item1_2_result_13	closed	no: the bundle asserts merge and price properties	no: neither merge nor price is in latchability	pass: the checkpoint counterexample satisfies the event premise	fail: an injective writer falsifies the first bundle clause	CAUTION: the bundle is refuted only through writer merging; its other conjuncts are not individually refuted.	no	Refuting writer merge refutes the stronger conjunction.
Kernel.FiniteCertMachine.vm_fragment_certification_paid	generalized_trace_mu	REFUTED	REFUTED	item1_2_result_14	closed	no: final mu growth is not an endpoint definition	no: latchability has no price clause	pass: the singleton PNEW graph trace is a valid fragment	fail: graph allocation is free	PASS: the zero-cost PNEW graph event refutes the exact universal target; this does not challenge the original certification theorem.	no	Uses the same exact trace counterexample as result 05.
Kernel.FiniteCertMachine.vm_prices_certifying_merge_leaves_others_free	generalized_vm_priced_merge_bundle	REFUTED	REFUTED	item1_2_result_15	closed	no: the bundle contains substantive universal claims	no: its claims are not premises	pass: eg_mu_reading and checkpoint reach the writer clause	fail: the swapped writer need not merge	CAUTION: the bundle is refuted only through writer merging; its other conjuncts are not individually refuted.	no	The conjunction fails at its universal merge component.
Kernel.GasMetering.thiele_unit_price_lower_bounds_mu	generalized_event_unit_price_lower_bounds_mu	REFUTED	REFUTED	item1_2_result_16	closed	no: comparison with instruction_cost is extra content	no: event_unit_cost is not tied to the VM schedule	pass: zero-cost PNEW gives event_unit_charge true	fail: graph allocation has unit event charge and zero instruction cost	PASS: the zero-cost PNEW graph event refutes the exact universal target; this does not challenge the original certification theorem.	no	The event-defined unit charge exceeds the VM cost on the witness.
Kernel.GasMetering.thiele_vm_commit_pricing_is_exact	generalized_event_unit_pricing_exact	PROVED	PROVED	item1_2_result_17	closed	yes: event_unit_cost is defined as the false-to-true indicator	yes: exactness follows by Boolean case analysis from that definition	pass: eg_graph_reading is a nontrivial latchable instance	pass but hollow: the proof works for any Boolean reading by construction	HOLLOW/BUILT-IN: event_unit_cost is the event-flip indicator, so exactness follows by Boolean reduction.	no	This is exact bookkeeping, not an external pricing theorem.
Kernel.NecessityAbstract.P_full_complete_neither_mu_nor_cert_droppable	generalized_projection_irredundancy	PROVED	PROVED	item1_2_result_18	closed	partial: direct recoverability is by projection; loss implications use witnesses	partial: P_full_event explicitly includes both requested coordinates	pass: eg_graph_reading is latchable and the implications have concrete witnesses	pass: the event-loss implication is parametric in E	HOLLOW/DEFINITIONAL: the projection contains mu and E, while each loss implication assumes the coordinate is forgotten.	no	The direct completeness clauses are hollow; the abstract loss implications remain substantive.
Kernel.NecessityAbstract.cost_model_cert_necessity	generalized_cost_projection_necessity	REFUTED	REFUTED	item1_2_result_19	closed	no: nonrecoverability is a real universal claim	no: P_cost retains registers and memory	pass: eg_size_reading is latchable and recoverable from P_cost	fail: the size event survives the projection	CAUTION: exact raw-VMState target refuted by size, but latchability uses a 15-register state outside the intended fixed-size VM invariant.	no	A decoder computes the event from retained list lengths.
Kernel.NecessityAbstract.mu_ledger_minimality	generalized_projection_classification	REFUTED	REFUTED	item1_2_result_20	closed	no: the classification contains multiple independence claims	no: arbitrary event independence is not guaranteed	pass: eg_size_reading is a latchable counterinstance	fail: the strict and cost projections both recover the size event	CAUTION: exact raw-VMState target refuted by size, but latchability uses a 15-register state outside the intended fixed-size VM invariant.	no	The classification fails at its event-nonrecoverability conjunct.
Kernel.NecessityAbstract.mu_ledger_mutual_independence	generalized_mutual_independence	REFUTED	REFUTED	item1_2_result_21	closed	no: mutual independence is not definitional	no: the event can be a function of retained classical state	pass: eg_size_reading supplies a concrete decoder	fail: swapping to size destroys event independence	CAUTION: exact raw-VMState target refuted by size, but latchability uses a 15-register state outside the intended fixed-size VM invariant.	no	The strict projection recovers the event.
Kernel.NecessityAbstract.thiele_state_three_component_independence	generalized_three_component_independence	REFUTED	REFUTED	item1_2_result_22	closed	no: the conjunction makes independent recoverability claims	no: arbitrary events need not be independent	pass: eg_size_reading satisfies latchability	fail: its first mutual-independence component is false	CAUTION: exact raw-VMState target refuted by size, but latchability uses a 15-register state outside the intended fixed-size VM invariant.	no	The unchanged graph clause cannot rescue the false event clause.
Kernel.NecessityAbstract.turing_ram_cert_necessity	generalized_strict_projection_necessity	REFUTED	REFUTED	item1_2_result_23	closed	no: nonrecoverability is not a definition	no: P_strict retains the size inputs	pass: eg_size_reading is latchable and recoverable	fail: size is classically visible	CAUTION: exact raw-VMState target refuted by size, but latchability uses a 15-register state outside the intended fixed-size VM invariant.	no	The explicit decoder refutes the universal necessity claim.
Kernel.PartitionRefinementNoFI.partition_free_but_certification_nonfree	generalized_partition_free_but_event_nonfree	REFUTED	REFUTED	item1_2_result_24	closed	no: the final event-price claim is additional	partial: six partition clauses are fixed facts but the event clause is not	pass: the fixed partition witnesses exist and eg_graph_reading is latchable	fail: graph allocation is itself one of the free partition events	CAUTION: only generalized_trace_mu refutes the conjunction; the six unchanged partition clauses are not challenged.	no	The final generalized_trace_mu conjunct is refuted.
Kernel.PartitionRefinementNoFI.partition_refinement_nonfree	generalized_partition_refinement_nonfree	REFUTED	REFUTED	item1_2_result_25	closed	no: it asserts a positively priced writer and mu growth	no: neither follows from latchability	pass: singleton zero-cost PNEW writes eg_graph_reading	fail: the free graph event invalidates both price conclusions	PASS: the zero-cost PNEW graph event refutes the exact universal target; this does not challenge the original certification theorem.	no	The trace has a writer, but it is not positively priced.
Kernel.PermanentCertification.revocable_certificate_escapes	generalized_revocation_boundary	PROVED	PROVED	item1_2_result_26	closed	yes: the conclusion is the direct negation of the permanence condition	yes: permanence rules out the requested true-to-false witness	pass: monotone Boolean latch and identity step instantiate permanence	pass but hollow: no event-specific name occurs	HOLLOW/DEFINITIONAL: a true-to-false step directly contradicts the permanence premise.	no	This records the exact boundary encoded by the permanence definition.
Kernel.PrimeAxiom.kernel_certified_implies_positive_mu	generalized_bounded_run_mu	REFUTED	REFUTED	item1_2_result_27	closed	no: positive final mu is stronger than the event endpoint	no: latchability does not connect the event to mu	pass: one-step PNEW from abs_zero reaches eg_graph_reading	fail: the graph event reaches true with final mu zero	PASS: the zero-cost PNEW graph event refutes the exact universal target; this does not challenge the original certification theorem.	no	The bounded executor gives the concrete counterexample.
Kernel.ProjectionNonExistence.cert_addr_not_function_of_forget	generalized_forget_hidden	REFUTED	REFUTED	item1_2_result_28	closed	no: absence of a decoder is substantive	no: forget retains mu	pass: eg_mu_reading has an explicit forget decoder	fail: the mu-threshold event is visible	PASS: the mu-threshold event is recoverable from forget, refuting only the universal arbitrary-event claim.	no	The same decoder refutes this identity's frozen generalization.
Kernel.ProjectionNonExistence.cert_not_function_of_forget	generalized_forget_hidden	REFUTED	REFUTED	item1_2_result_29	closed	no: hiddenness is not a definition	no: another event may use retained fields	pass: eg_mu_reading is latchable and decoded by forget	fail: event substitution changes hiddenness	PASS: the mu-threshold event is recoverable from forget, refuting only the universal arbitrary-event claim.	no	The counterexample is independent of the original certificate channel.
Kernel.ProjectionNonExistence.no_classical_a2_cert_predicate	generalized_forget_hidden	REFUTED	REFUTED	item1_2_result_30	closed	no: nonfactorization is a universal assertion	no: no exclusion of visible events is assumed	pass: eg_mu_reading is visible in every forget snapshot	fail: the decoder is the retained mu threshold	PASS: the mu-threshold event is recoverable from forget, refuting only the universal arbitrary-event claim.	no	The generalized target is identical to the other forget-hidden rows.
Kernel.ProjectionNonExistence.no_classical_cert_addr_predicate	generalized_forget_hidden	REFUTED	REFUTED	item1_2_result_31	closed	no: nonfactorization is not definitional	no: retained mu determines the chosen event	pass: eg_mu_reading supplies a closed decoder	fail: the arbitrary-event swap defeats the original hidden channel	PASS: the mu-threshold event is recoverable from forget, refuting only the universal arbitrary-event claim.	no	Closed by the shared forget counterexample.
Kernel.ShadowPricing.vm_bare_shadow_cannot_price_exactly	generalized_bare_price_inexact	REFUTED	REFUTED	item1_2_result_32	closed	no: impossibility of exact pricing is substantive	no: some events depend only on the bare observable	pass: eg_size_reading is latchable and bare-visible	fail: state size admits an exact observable price factorization	CAUTION: exact raw-VMState target refuted by size, but latchability uses a 15-register state outside the intended fixed-size VM invariant.	no	ShadowPricing.window_showing_reading_prices_exactly constructs the price.
Kernel.ShadowPricing.vm_forget_shadow_cannot_price_exactly	generalized_forget_price_inexact	REFUTED	REFUTED	item1_2_result_33	closed	no: price-factorization impossibility is additional	no: the event can factor through forget	pass: eg_size_reading is latchable and forget-visible	fail: size has an exact factorized price	CAUTION: exact raw-VMState target refuted by size, but latchability uses a 15-register state outside the intended fixed-size VM invariant.	no	The generic window construction gives the counterexample function.
Kernel.StructuralScheduleUniqueness.billed_core_equiv_mod_schedule	generalized_billed_schedule_equivalence	PROVED	REFUTED	item1_2_result_34	closed	no: equivalence includes both machines' schedule premises	no: rcm_latchable does not imply base A2	pass: eg_core_graph_event is latchable on ThieleCore	fail: graph allocation is zero-cost, so the base is not schedule_priced	PASS, WRONG PREDICTION: base schedule_priced fails for the zero-cost graph event; cover, run, halt, and record equations are not separately refuted.	yes	Frozen prediction missed that equiv_mod_schedule_between requires event-specific A2 for the unchanged base.
Kernel.StructuralScheduleUniqueness.surcharged_core_equiv_mod_schedule	generalized_surcharged_schedule_equivalence	PROVED	REFUTED	item1_2_result_35	closed	no: the existential equivalence has a base schedule obligation	no: arbitrary extra and latchability do not price the base event	pass: zero extra and eg_core_graph_event instantiate the target	fail: the unchanged base A2 fails before the surcharge can help	PASS, WRONG PREDICTION: base schedule_priced fails for the zero-cost graph event; cover, run, halt, and record equations are not separately refuted.	yes	The counterexample uses the zero surcharge and the zero-cost graph event.
Kernel.StructuralScheduleUniqueness.uniqueness_round3b_holds	generalized_schedule_uniqueness	PROVED	PROVED	item1_2_result_36	closed	no: the relation and its closure are constructed from the cover	partial: schedule pricing and record agreement are explicit premises	pass: the original billed certification cover satisfies the premises	pass: the proof refers only to the supplied record-equality field	HOLLOW/BUILT-IN: assumptions supply pricing, record agreement, and a cover; the conclusion uses equality with cover_state as its relation.	no	This conditional theorem survives; it does not establish the failed rows 34 or 35.
Kernel.StructuralUniqueness.billed_core_adequate	generalized_billed_core_adequate	PROVED	PROVED	item1_2_result_37	closed	no: four adequacy fields are discharged	partial: the billed machine adds one unit to every step by construction	pass: original certification and eg_core_graph_event are latchable instances	pass: arbitrary E is used only for record reachability	CAUTION: exact in-house target proved using mandatory billing and the latchability witness; no uniqueness or external-system claim follows.	no	Billed positive cost makes A2 hold for every substituted record.
Kernel.StructuralUniqueness.billed_core_honest_extension	generalized_billed_core_honest_extension	PROVED	PROVED	item1_2_result_38	closed	no: cover, ledger, A2, permanence, and reachability are all supplied	partial: ledger and positive billing are structural fields of BilledCore	pass: eg_core_graph_event satisfies the latchability premise	pass: the event proof uses only permanence and a write witness	CAUTION: exact in-house target proved using mandatory billing and the latchability witness; no uniqueness or external-system claim follows.	no	The cover to the original ThieleCore need not preserve the replaced record.
Kernel.StructuralUniqueness.uniqueness_round1_refuted	generalized_uniqueness_round1_refutation	PROVED	PROVED	item1_2_result_39	closed	no: inequivalence follows from incompatible costs	no: core_equiv would require equal step costs	pass: eg_core_graph_event gives a non-certification latchable instance	pass: the contradiction is independent of record identity	PASS: the exact cost-sensitive equivalence is refuted; behavioral equivalence outside that definition is not refuted.	no	The empty-program base step costs zero while every billed step costs at least one.
Kernel.StructuralUniqueness.uniqueness_round2_refuted	generalized_uniqueness_round2_refutation	PROVED	PROVED	item1_2_result_40	closed	no: round-two inequivalence is proved by its cost field	no: inequivalence is not assumed	pass: eg_core_graph_event instantiates the quantified premise	pass: the record swap does not affect the cost contradiction	PASS: the exact cost-sensitive equivalence is refuted; behavioral equivalence outside that definition is not refuted.	no	The frozen translation says SurchargedCore, but the exact frozen proposition uses billed_event_core and that exact proposition is proved.
Kernel.TraceStateDescent.certification_agreement_does_not_imply_descent	generalized_agreement_does_not_imply_descent	PROVED	PROVED	item1_2_result_41	closed	partial: history_event_compatible is reflexive by definition; fiber failure is concrete	partial: the agreement half is defined as self-equality	pass: eg_graph_reading is a latchable instance; empty and zero-jump traces witness failure	pass but hollow on agreement: E is arbitrary and unused in the failure	HOLLOW/DEFINITIONAL: event agreement is reflexivity and non-descent is noninjectivity of trace evaluation.	no	Only the failure of history_fiber_compatible is substantive.
Kernel.TraceStateDescent.reachable_simulation_exists_iff	generalized_reachable_simulation_exists	PROVED	PROVED	item1_2_result_42	closed	no: both compatibility directions and a simulation record are constructed	partial: a representative with a right-inverse law is required at the door	not established: no closed global representative witness is supplied in this round	pass conditionally: the proof is parametric in E but only after the selector premise	CAUTION: conditional on an external representative retraction; no closed representative is constructed, so premise nonvacuity is not discharged.	no	Formally closed, but it does not count as substantive until the selector antecedent is exhibited.
Kernel.TraceStateDescent.reachable_simulation_unique	generalized_reachable_simulation_unique	PROVED	PROVED	item1_2_result_43	closed	no: uniqueness follows by trace induction	no: equality of the two maps is not a record field	pass: the certification quotient yields an event-preserving reachable simulation	pass: the evaluation lemma is parametric in E	CAUTION: uniqueness is only on reachable evaluations and for existing simulation records, not global equality or existence.	no	Uniqueness is only on states presented as vm_trace_eval t.
Kernel.UniversalCertificationCost.thiele_represents_simulating_cert_system	generalized_simulating_system_representation	PROVED	PROVED	item1_2_result_44	closed	partial: the cost and event conclusions follow from explicit record contracts	yes in part: cs_cert_costs and escs_event_reflects require the essential conclusions	pass: the Thiele certified system with identity decode and embed is an instance	pass: E appears only through the supplied reflection contract	CAUTION: a step-commuting, cost-preserving, event-reflecting embedding is assumed, not constructed for arbitrary or real systems.	no	This is a conditional representation theorem, not existence of an embedding for arbitrary systems.
Kernel.UniversalCertificationCost.thiele_universal_nfi_cert_addr	generalized_trace_cost	REFUTED	REFUTED	item1_2_result_45	closed	no: positive accumulated cost is not definitional	no: latchability contains no trace-cost premise	pass: singleton zero-cost PNEW writes eg_graph_reading	fail: the graph event has total trace cost zero	PASS: the zero-cost PNEW graph event refutes the exact universal target; this does not challenge the original certification theorem.	no	The generalized cost theorem is false outside the priced certification channel.
Kernel.UniversalCertificationCost.thiele_universal_nfi_certified	generalized_trace_cost	REFUTED	REFUTED	item1_2_result_46	closed	no: the trace cost floor is additional content	no: no pricing relation is assumed	pass: the PNEW graph trace satisfies the endpoint condition	fail: swapping the record removes the positive-cost guarantee	PASS: the zero-cost PNEW graph event refutes the exact universal target; this does not challenge the original certification theorem.	no	Shares the exact closed trace-cost counterexample with result 45.
Kernel.WitnessInsightGeneral.certified_witness_insight_nonfree	generalized_step_price_and_mu	REFUTED	REFUTED	item1_2_result_47	closed	no: the conjunction asserts two numerical bounds	no: event latchability alone supplies neither bound	pass: the graph witness specializes the general target	fail: zero-cost PNEW falsifies the price conjunct	PASS: the zero-cost PNEW graph event refutes the exact universal target; this does not challenge the original certification theorem.	no	A single false numerical conjunct closes the negated universal.
Kernel.WitnessInsightGeneral.no_free_certification_certified_trace_mu	generalized_trace_mu	REFUTED	REFUTED	item1_2_result_48	closed	no: final mu growth is substantive	no: the event need not be linked to the ledger	pass: the singleton graph trace writes the event	fail: its final mu remains zero	PASS: the zero-cost PNEW graph event refutes the exact universal target; this does not challenge the original certification theorem.	no	The exact generalized target is the same trace-mu proposition as rows 5 and 14.
Kernel.WitnessInsightGeneral.nonlocal_witness_insight_nonfree	generalized_nonlocal_witness_step	REFUTED	REFUTED	item1_2_result_49	closed	no: CHSH certification plus event rise does not define cost	no: the witness state can already contain the CHSH counts	pass: eg_chsh_zero has the violation witness and zero-cost PNEW writes the graph event	fail: the nonlocal witness does not make unrelated event writers costly	CAUTION: the CHSH witness is preloaded and PNEW writes an unrelated event; this does not show free creation of nonlocal evidence.	no	The countermodel preserves the exact CHSH premise while falsifying instruction cost.
Kernel.WitnessInsightGeneral.witness_insight_nonfree_general	generalized_nonlocal_witness_trace	REFUTED	REFUTED	item1_2_result_50	closed	no: the final mu bound is additional	no: the CHSH witness is independent of the chosen event transition	pass: singleton PNEW on eg_chsh_zero meets all antecedents	fail: final mu is zero for the unrelated graph event	CAUTION: the CHSH witness is preloaded and PNEW writes an unrelated event; this does not show free creation of nonlocal evidence.	no	The exact witness and event premises coexist in the closed counterexample.
Kernel.WitnessPreservationImpossibility.no_classical_certification_decider	generalized_no_classical_event_decider	REFUTED	REFUTED	item1_2_result_51	closed	no: nonexistence of a decoder is substantive	no: classical traces retain registers and memory	pass: eg_size_reading is latchable and has eg_classical_size_decider	fail: the size event factors through project_trace	CAUTION: exact raw-VMState target refuted by size, but latchability uses a 15-register state outside the intended fixed-size VM invariant.	no	The proof establishes decoder correctness for every trace.
NecessityOfMuLedger.mu_ledger_necessity	generalized_joint_ledger_necessity	PROVED	PROVED	item1_2_result_52	closed	no: failure to recover the pair follows from lost mu	no: event choice cannot restore a lost mu coordinate	pass: eg_graph_reading is a latchable instance	pass: the proof is independent of E and uses the known mu collision	CAUTION: pair nonrecoverability follows from mu nonrecoverability; the event coordinate does no independent proof work.	no	Pair completeness would imply mu completeness of P_strict, contradicting the existing witness.
NecessityOfMuLedger.mu_ledger_necessity_universal	generalized_certify_pnew_separation	REFUTED	REFUTED	item1_2_result_53	closed	no: the last event assertion is a genuine universal requirement	no: arbitrary E need not be set by CERTIFY	pass: eg_graph_reading is latchable	fail: CERTIFY does not set the graph-allocation event	HOLLOW/SWAP FAILURE: the graph event is unrelated to CERTIFY, so the exact negation does not weaken the original certification result.	no	The first three fixed clauses do not imply the substituted fourth clause.
NecessityOfMuLedger.vm_certified_not_classically_determined	generalized_strict_projection_necessity	REFUTED	REFUTED	item1_2_result_54	closed	no: nonrecoverability is not definitional	no: P_strict carries the state-size inputs	pass: eg_size_reading is latchable and has a strict decoder	fail: the chosen event is classically determined	CAUTION: exact raw-VMState target refuted by size, but latchability uses a 15-register state outside the intended fixed-size VM invariant.	no	Shares the explicit size decoder with result 23.
NoFI.Instance_Kernel.KernelNoFI.Certified_spec	generalized_certified_spec	PROVED	PROVED	item1_2_result_55	closed	yes: both sides are the definition of event_certified	yes: the conclusion is required by the definition	pass: empty and one-instruction traces instantiate the predicate	pass but hollow: the equivalence is reflexive for every E	HOLLOW/DEFINITIONAL: unfolding event_certified gives the identical existential.	no	Formally proved by reflexivity and not a substantive event theorem.
