logical_identity	source_statement_sha256	target_name	predicted_outcome	translation
Kernel.AbstractNoFI.certification_requires_positive_mu	5879173d1f40f826243d042cfc5ae1058b4d5ac85a6f326513c8278887a6a6e5	generalized_step_mu	REFUTED	Replace the certification transition with any semantic false-to-true write of a latchable VM reading; retain the exact one-step mu lower bound.
Kernel.AbstractNoFI.no_free_certification	c1b8d073eb874aed2681c177f9c7afa32e516501038e4ad1189d689d7854aa5c	generalized_step_price	REFUTED	Replace the certified-state reading with an arbitrary latchable VM reading; retain the instruction-cost conclusion for every semantic writer.
Kernel.AbstractNoFI.no_free_certification_certified	3d6a59a02b52a4e9564f34800b1223eb304560585cd5858164ab81a4fcfba3f8	generalized_step_price	REFUTED	Replace the fixed certification flag rise with a semantic write of an arbitrary latchable reading; retain the positive instruction-cost conclusion.
Kernel.AbstractNoFI.no_free_certification_mu	5ccd526ae61c989157207b55aa9b52edc6ccf297ad755ee1de5a841f63fc6500	generalized_step_mu	REFUTED	Replace the fixed certification flag rise with a semantic write of an arbitrary latchable reading; retain the one-step mu increase.
Kernel.AbstractNoFI.no_free_certification_trace_mu	143341de8abd81a8f89ebbaf9651eb5e7e776b2081ce8a020e59fd906126743e	generalized_trace_mu	REFUTED	Replace final certification with an arbitrary latchable event becoming true along a trace; retain the final mu lower bound.
Kernel.AbstractNoFI.thiele_nfi_pc_indexed	975c7439fd6cdc209e73b3b74aa77e3cbb2dd7f9fdef6648ec37ec442cf4b449	generalized_trace_writer	PROVED	Replace the certification predicate and named setter by an arbitrary latchable reading and a semantic writer occurring in the trace.
Kernel.BlindnessRepresentation.certification_is_lost	4d5244014d8e2c0207ecfee7fbf323542439018af9fe3732aaf735ff297a1f1e	generalized_forget_hidden	REFUTED	Replace vm_certified with an arbitrary latchable reading; require that no decoder recovers that reading from the forgetful projection.
Kernel.FiniteCertMachine.fcertify_merges	9c84b62285e1dec7cdeb2e3447b67fbdb4ee41affa46f300e30696db2a3927d8	generalized_finite_writer_merge	PROVED	Keep the finite state space and step function; replace fcertified by any latchable Boolean reading and quantify over its semantic writers.
Kernel.FiniteCertMachine.fin_a2_from_compression_price	d89d9ab009741cb6548bf4a6af1864a51cd5269d931de609117c493d9c6e214c	generalized_finite_a2_from_compression_price	PROVED	Keep fstep and fcost; replace the finite certification reading by any latchable Boolean reading in the A2 conclusion.
Kernel.FiniteCertMachine.fin_a2_from_merging_price	8af478d7acb1415b6f78835a910320f14633855fc27d7af65aef411de1fc4093	generalized_finite_a2_from_merging_price	PROVED	Keep fstep and fcost; replace the finite certification reading by any latchable Boolean reading in the A2 conclusion.
Kernel.FiniteCertMachine.fin_permanent	ffb13a8bfe41ccb49382459260fd12eb9d8f439bcc49f966715555b0c335fa09	generalized_finite_permanent	PROVED	Replace fcertified with an arbitrary finite-state latchable reading while preserving the original transition.
Kernel.FiniteCertMachine.vm_certify_merges	6641253536618a2c76ae80996aaa5936e70d5ec8073deef9dd9c869294e980ef	generalized_vm_writer_merge	REFUTED	Replace instr_certify and vm_certified with every semantic writer of an arbitrary latchable VM reading; retain non-injectivity.
Kernel.FiniteCertMachine.vm_certifying_step_is_priced_merge	2c4ae6897085936cfb768b317bd2a47f393cfb168e878babf2fa9941b36ca155	generalized_vm_priced_merge_bundle	REFUTED	Replace certification writers with arbitrary event writers while retaining writer merging, writer pricing, a free merging step, and failure of universal merge pricing.
Kernel.FiniteCertMachine.vm_fragment_certification_paid	401fe393ea4934ae8730175e297f1aca4321acc174020446856f34aa21fbdefc	generalized_trace_mu	REFUTED	Replace a fragment ending certified with a trace that changes any latchable reading from false to true; retain the final mu lower bound.
Kernel.FiniteCertMachine.vm_prices_certifying_merge_leaves_others_free	18395f065c8dabfeb5518096ccceeda89c5f88e9860b0d5c984b844ed120b6da	generalized_vm_priced_merge_bundle	REFUTED	Replace the certification setter class with semantic writers of any latchable reading; keep both positive writer prices and the free non-writer merge witness.
Kernel.GasMetering.thiele_unit_price_lower_bounds_mu	7a8acd983d932f83f00c7c525e6ea79cc9cfbb64fcdfb5e927fc1b4fa2c7c535	generalized_event_unit_price_lower_bounds_mu	REFUTED	Build the same unit-charge schedule from each arbitrary latchable reading and require its unit charge to be bounded by the VM instruction cost.
Kernel.GasMetering.thiele_vm_commit_pricing_is_exact	b4d0f9775f6c96a0d92180a47ffd3fc14392514d149a47cc0b68deac530f46ee	generalized_event_unit_pricing_exact	PROVED	Rebuild the canonical unit schedule from the arbitrary latchable reading and retain exact floor satisfaction and no-overcharge.
Kernel.NecessityAbstract.P_full_complete_neither_mu_nor_cert_droppable	3d7f1946ce0e3cafd5c6a4ebb32bf9824ecdf06d9608aa13b1114bfaafbd2db6	generalized_projection_irredundancy	PROVED	Replace the certification coordinate by an arbitrary event coordinate; retain recoverability from the full projection and both abstract irredundancy implications.
Kernel.NecessityAbstract.cost_model_cert_necessity	ce2e50f3c90cd9a4b8aa08620f4eb0ac044748b4c164c8e05557ddb09e0c5109	generalized_cost_projection_necessity	REFUTED	Replace vm_certified by an arbitrary latchable reading and require non-recoverability from the cost projection.
Kernel.NecessityAbstract.mu_ledger_minimality	deb6aaab273b1709fa571c8d9bf44744eba2961dfad99476d77da203f755e0fa	generalized_projection_classification	REFUTED	Replace the certification coordinate throughout the four-projection classification with an arbitrary latchable event reading.
Kernel.NecessityAbstract.mu_ledger_mutual_independence	764b1c9d0bb9d6fca4982dfb2321abbd0dcb46707aa28c1ff1e6932846513020	generalized_mutual_independence	REFUTED	Replace certification recoverability and its projection by arbitrary-event recoverability while retaining every mu-independence conjunct.
Kernel.NecessityAbstract.thiele_state_three_component_independence	66e5944e75703ddbe0a0f9a3ee2796d967befc5d0ef9f242e6ab3568a7cb512b	generalized_three_component_independence	REFUTED	Replace certification by an arbitrary latchable event in the mutual-independence component; retain graph nonrecoverability unchanged.
Kernel.NecessityAbstract.turing_ram_cert_necessity	3c35f7c13effd1892afb4cc5221da369c2ca90b35226865be4a97b5ec766c8d2	generalized_strict_projection_necessity	REFUTED	Replace vm_certified with an arbitrary latchable event and retain non-recoverability from the strict classical projection.
Kernel.PartitionRefinementNoFI.partition_free_but_certification_nonfree	3140e08a0e9f9ed8b1d9e84d4bdb1fca9df1f28eaf01c51e48948fed0342c88e	generalized_partition_free_but_event_nonfree	REFUTED	Keep all six zero-cost and non-setter partition clauses unchanged; replace only the final certification trace claim by arbitrary-event trace mu payment.
Kernel.PartitionRefinementNoFI.partition_refinement_nonfree	d06ab782090b7151714ab8c170bbe82183bcc801ddbb00d55622708ef3dfcef6	generalized_partition_refinement_nonfree	REFUTED	Replace certification arising along a trace by any latchable event arising; retain both a positively priced writer occurrence and final mu growth.
Kernel.PermanentCertification.revocable_certificate_escapes	17b5b4826271abb77b0f368e3684feff1f9c90d914d840e2e8ecdc9698627d09	generalized_revocation_boundary	PROVED	Replace the named revocable certificate with an arbitrary permanent Boolean event and state the impossibility of a true-to-false step.
Kernel.PrimeAxiom.kernel_certified_implies_positive_mu	39ffd9bc96cc17f448d18e78038f070859065d21cda8ea576f9e56d5229f4dbb	generalized_bounded_run_mu	REFUTED	Replace certified output of a bounded VM run by any latchable event output; retain false and zero-mu input and strictly positive final mu.
Kernel.ProjectionNonExistence.cert_addr_not_function_of_forget	f3f6bc101b239b0748b7252e5dbc28a8a79ce96a4f666867ca515efa776ceaf4	generalized_forget_hidden	REFUTED	Replace the certificate-address predicate with an arbitrary latchable event and require that the forgetful projection cannot determine it.
Kernel.ProjectionNonExistence.cert_not_function_of_forget	131b55b9b358f99434dbaac05e8fa8cc03341fe4daef17e726652be9a96777e0	generalized_forget_hidden	REFUTED	Replace the certification Boolean with an arbitrary latchable event and require that the forgetful projection cannot determine it.
Kernel.ProjectionNonExistence.no_classical_a2_cert_predicate	3682c56477bcde95782f22b66cd8030a6f54adfdff09f560acd43f79c236a4cd	generalized_forget_hidden	REFUTED	Replace the certification decision predicate with an arbitrary latchable event and retain impossibility of deciding it from the forgetful projection.
Kernel.ProjectionNonExistence.no_classical_cert_addr_predicate	742fcb43cd10b902ea79fe3d84bec3ac9ff9addefb8db8b2ff7d79378b3a915f	generalized_forget_hidden	REFUTED	Replace the certificate-address decision predicate with an arbitrary latchable event and retain impossibility of deciding it from the forgetful projection.
Kernel.ShadowPricing.vm_bare_shadow_cannot_price_exactly	d6ed51d7d47fbcdcac56060556a51ebc43666bfbcdde499fd790dd9ee22e934e	generalized_bare_price_inexact	REFUTED	Replace certification with an arbitrary latchable event in the exact-price factorization claim over the bare shadow.
Kernel.ShadowPricing.vm_forget_shadow_cannot_price_exactly	adef6c456ac09b69a74d2bcd8bf54fccdc4edaef7f9f3a7abeceddad25e73f22	generalized_forget_price_inexact	REFUTED	Replace certification with an arbitrary latchable event in the exact-price factorization claim over the forgetful shadow.
Kernel.StructuralScheduleUniqueness.billed_core_equiv_mod_schedule	1c5b68aa31059e9ce14b6164872c71ebb3ee2c6588ae24f7a4e865ad263ab424	generalized_billed_schedule_equivalence	PROVED	Replace the ThieleCore record field and the pulled-back BilledCore record by an arbitrary latchable reading; preserve run, halt, record, and schedule equations.
Kernel.StructuralScheduleUniqueness.surcharged_core_equiv_mod_schedule	24fef9de063a5133c2f8bb5ac633c36f69fd83b342c07e7a31cbd3fa6b0ccace	generalized_surcharged_schedule_equivalence	PROVED	Replace the ThieleCore record field and SurchargedCore record by an arbitrary latchable reading; preserve run, halt, record, and schedule equations.
Kernel.StructuralScheduleUniqueness.uniqueness_round3b_holds	98732063039c485b884cc840e72c095f8ab4045b26f8229e3328c6f807a72d82	generalized_schedule_uniqueness	PROVED	Replace the fixed certification field by an arbitrary latchable reading on every adequate honest core; retain equality of cumulative cost up to schedule.
Kernel.StructuralUniqueness.billed_core_adequate	0399b8c86eaaf9e1edb80bdf94a99c5f3c714a752e4dbe26a076feca510b9f2a	generalized_billed_core_adequate	PROVED	Pull an arbitrary latchable ThieleCore reading through billed_cover_state and retain adequacy of the resulting record-carrying core.
Kernel.StructuralUniqueness.billed_core_honest_extension	d32342a1f6cdc2469c83803a8d17026557b12a8bb582e08a7dcf7efcd5032a0b	generalized_billed_core_honest_extension	PROVED	Pull an arbitrary latchable ThieleCore reading through billed_cover_state and retain the honest-extension conditions.
Kernel.StructuralUniqueness.uniqueness_round1_refuted	68cfff4492846d4436fb18054b2dfece2c6e656235ce9835755851110926306a	generalized_uniqueness_round1_refutation	PROVED	Replace the fixed record field of ThieleCore and BilledCore by an arbitrary latchable reading; retain adequacy and unequal one-step mu.
Kernel.StructuralUniqueness.uniqueness_round2_refuted	110a056649494d894d3366a3a821f86fd423cb805a576f907cf0f647ce54fcc7	generalized_uniqueness_round2_refutation	PROVED	Replace the fixed record field of ThieleCore and SurchargedCore by an arbitrary latchable reading; retain honest extension and unequal one-step mu.
Kernel.TraceStateDescent.certification_agreement_does_not_imply_descent	173e63e89b49583e39c43534d4f0331e8ada622be6900efe94c4b87595f6663b	generalized_agreement_does_not_imply_descent	PROVED	Replace history certification compatibility by compatibility with an arbitrary latchable event; retain fiber compatibility and failure of trace-state descent.
Kernel.TraceStateDescent.reachable_simulation_exists_iff	6b9a750ed048da969af992e83e868c0d1e877c30862cd9edd5179bbad295ca6a	generalized_reachable_simulation_exists	PROVED	Replace reachable certification preservation by preservation of an arbitrary latchable event in the exact simulation-existence equivalence.
Kernel.TraceStateDescent.reachable_simulation_unique	76bdc75bccba8235f31c57b99e8979c5f287b8dbb9a5f250660617c98b521958	generalized_reachable_simulation_unique	PROVED	Replace the certification-preserving simulation field by arbitrary-event preservation and retain uniqueness on every reachable trace.
Kernel.UniversalCertificationCost.thiele_represents_simulating_cert_system	5b61ae80e4c4f3fdd53b4e64f5390c80ef10fab51d5c925d63f2b74063e490ca	generalized_simulating_system_representation	PROVED	Replace the source certification observation and target vm_certified observation by an arbitrary source event and arbitrary latchable VM event; retain execution and observation correspondence.
Kernel.UniversalCertificationCost.thiele_universal_nfi_cert_addr	08f354586a354e6bad07a50257ea364f49cb016bce9ec2a98c68fa8ad0ac4f34	generalized_trace_cost	REFUTED	Replace certificate-address arrival along a trace by any latchable event arrival; retain strictly positive accumulated instruction cost.
Kernel.UniversalCertificationCost.thiele_universal_nfi_certified	8a4e9105d9974781f46e209e53f2ba2647a94e65f20839e14677843e31b099a8	generalized_trace_cost	REFUTED	Replace certification arrival along a trace by any latchable event arrival; retain strictly positive accumulated instruction cost.
Kernel.WitnessInsightGeneral.certified_witness_insight_nonfree	6f536c357ddd7d82683d2ee73d3f0c7a8afa884fe23af0a122c8ace20384f823	generalized_step_price_and_mu	REFUTED	Replace certification of a CHSH witness by any latchable event write; retain both positive instruction cost and one-step mu growth.
Kernel.WitnessInsightGeneral.no_free_certification_certified_trace_mu	b11d6ed52c1cb508f47cb456449c55bdf9bd3eb5d24784d20034012ce1dbde1b	generalized_trace_mu	REFUTED	Replace the certified final trace condition by an arbitrary latchable event becoming true; retain the final mu lower bound.
Kernel.WitnessInsightGeneral.nonlocal_witness_insight_nonfree	0229e4a31afa8349523d447c5cef87fd355b1e95d59bfec0411d8931f34b48d6	generalized_nonlocal_witness_step	REFUTED	Replace the certification rise in the CHSH witness theorem by any latchable event write; retain the exact witness premises and both cost conclusions.
Kernel.WitnessInsightGeneral.witness_insight_nonfree_general	088ef331a378b338ad8c4b0932394486c19a0b9919fc2819cf67d5baa81084c6	generalized_nonlocal_witness_trace	REFUTED	Replace final certification in the CHSH trace theorem by an arbitrary latchable event; retain the initial/final witness premises and final mu growth.
Kernel.WitnessPreservationImpossibility.no_classical_certification_decider	36d8874449bdd9bb24b551b42a08f1ffc102e80f1496d7d76e7ead257cd17ec0	generalized_no_classical_event_decider	REFUTED	Replace the trace certification decider by the final value of an arbitrary latchable event; retain impossibility of factoring it through classical trace projection.
NecessityOfMuLedger.mu_ledger_necessity	25c10ec07a29de09fd3d95c1d67a5b37b4b1a19e919826dd825db011da949db5	generalized_joint_ledger_necessity	PROVED	Replace the certification coordinate of the recovered pair by an arbitrary latchable event; retain impossibility of recovering the mu-event pair from P_strict.
NecessityOfMuLedger.mu_ledger_necessity_universal	3aac717fb7873c35fc089e9049be09bf3c11580289c7469634e3d83938e1e45d	generalized_certify_pnew_separation	REFUTED	Keep the exact certify-versus-PNEW strict-projection and mu clauses; replace only the final certified-state conclusion by an arbitrary latchable event conclusion.
NecessityOfMuLedger.vm_certified_not_classically_determined	d517387d22375ab98edf8512ed8b2b3cae7af1c591d8c5ff7841c15547c3d957	generalized_strict_projection_necessity	REFUTED	Replace vm_certified by an arbitrary latchable event and retain non-recoverability from the strict classical projection.
NoFI.Instance_Kernel.KernelNoFI.Certified_spec	3a333410a491e65bff6180eb9c59fca0912b5ca2fbda54d3044fbba26cc0e40d	generalized_certified_spec	PROVED	Replace the functor instance's fixed certified observation by event_certified for an arbitrary latchable reading; retain the exact trace predicate equivalence.
